"pwhl_team_id","player_name","position_group","game_id","bio_record","portrait_art_id","has_portrait","pwhl_player_id","official_name","official_position","official_jersey","birthdate","shoots","height","hometown","headshot_240_url","media_api_url","profile_api_url","season_stats_api_url","match_method","portrait_status","portrait_qa","attribution","notes"
"BOS","Abbey Levy","G","11129","3569","10347","1","41","Abbey Levy","G","39","2000-04-02","L","6-1","Congers, NY","https://assets.leaguestat.com/pwhl/240x240/41.jpg","https://lscluster.hockeytech.com/feed/index.php?feed=modulekit&view=player&category=media&player_id=41&key=446521baf8c38984&client_code=pwhl","https://lscluster.hockeytech.com/feed/index.php?feed=modulekit&view=player&category=profile&player_id=41&key=446521baf8c38984&client_code=pwhl","https://lscluster.hockeytech.com/feed/index.php?feed=modulekit&view=player&category=seasonstats&player_id=41&key=446521baf8c38984&client_code=pwhl","league-roster-normalized-name","Source mapped","Not reviewed","Official statistics and media provided by the Professional Women's Hockey League and HockeyTech.",""
"BOS","Abby Newhook","F","8152","2188","7035","1","259","Abby Newhook","RW","19","2003-05-13","R","","St John's, NL","https://assets.leaguestat.com/pwhl/240x240/259.jpg","https://lscluster.hockeytech.com/feed/index.php?feed=modulekit&view=player&category=media&player_id=259&key=446521baf8c38984&client_code=pwhl","https://lscluster.hockeytech.com/feed/index.php?feed=modulekit&view=player&category=profile&player_id=259&key=446521baf8c38984&client_code=pwhl","https://lscluster.hockeytech.com/feed/index.php?feed=modulekit&view=player&category=seasonstats&player_id=259&key=446521baf8c38984&client_code=pwhl","league-roster-normalized-name","Source mapped","Not reviewed","Official statistics and media provided by the Professional Women's Hockey League and HockeyTech.",""
"BOS","Aerin Frankel","G","1349","350","489","1","6","Aerin Frankel","G","31","1999-05-24","L","5-5","Chappaqua, NY","https://assets.leaguestat.com/pwhl/240x240/6.jpg","https://lscluster.hockeytech.com/feed/index.php?feed=modulekit&view=player&category=media&player_id=6&key=446521baf8c38984&client_code=pwhl","https://lscluster.hockeytech.com/feed/index.php?feed=modulekit&view=player&category=profile&player_id=6&key=446521baf8c38984&client_code=pwhl","https://lscluster.hockeytech.com/feed/index.php?feed=modulekit&view=player&category=seasonstats&player_id=6&key=446521baf8c38984&client_code=pwhl","league-roster-normalized-name","Source mapped","Not reviewed","Official statistics and media provided by the Professional Women's Hockey League and HockeyTech.",""
"BOS","Alina Müller","F","7658","2104","6686","1","15","Alina Müller","C","11","1998-03-12","L","5-5","Winterthur, SWI","https://assets.leaguestat.com/pwhl/240x240/15.jpg","https://lscluster.hockeytech.com/feed/index.php?feed=modulekit&view=player&category=media&player_id=15&key=446521baf8c38984&client_code=pwhl","https://lscluster.hockeytech.com/feed/index.php?feed=modulekit&view=player&category=profile&player_id=15&key=446521baf8c38984&client_code=pwhl","https://lscluster.hockeytech.com/feed/index.php?feed=modulekit&view=player&category=seasonstats&player_id=15&key=446521baf8c38984&client_code=pwhl","league-roster-normalized-name","Source mapped","Not reviewed","Official statistics and media provided by the Professional Women's Hockey League and HockeyTech.",""
"BOS","Amanda Thiele","G","10993","3516","10207","1","262","Amanda Thiele","G","30","2002-07-30","L","","Milford, MI","https://assets.leaguestat.com/pwhl/240x240/262.jpg","https://lscluster.hockeytech.com/feed/index.php?feed=modulekit&view=player&category=media&player_id=262&key=446521baf8c38984&client_code=pwhl","https://lscluster.hockeytech.com/feed/index.php?feed=modulekit&view=player&category=profile&player_id=262&key=446521baf8c38984&client_code=pwhl","https://lscluster.hockeytech.com/feed/index.php?feed=modulekit&view=player&category=seasonstats&player_id=262&key=446521baf8c38984&client_code=pwhl","league-roster-normalized-name","Source mapped","Not reviewed","Official statistics and media provided by the Professional Women's Hockey League and HockeyTech.",""
"BOS","Daniela Pejšová","D","12499","4523","11785","1","185","Daniela Pejšová","LD","55","2002-08-14","L","5-8","Teplice, CZE","https://assets.leaguestat.com/pwhl/240x240/185.jpg","https://lscluster.hockeytech.com/feed/index.php?feed=modulekit&view=player&category=media&player_id=185&key=446521baf8c38984&client_code=pwhl","https://lscluster.hockeytech.com/feed/index.php?feed=modulekit&view=player&category=profile&player_id=185&key=446521baf8c38984&client_code=pwhl","https://lscluster.hockeytech.com/feed/index.php?feed=modulekit&view=player&category=seasonstats&player_id=185&key=446521baf8c38984&client_code=pwhl","league-roster-normalized-name","Source mapped","Not reviewed","Official statistics and media provided by the Professional Women's Hockey League and HockeyTech.",""
"BOS","Ella Huber","F","4337","1093","2229","1","243","Ella Huber","LW","26","2002-12-18","L","5-5","Northfield, IL","https://assets.leaguestat.com/pwhl/240x240/243.jpg","https://lscluster.hockeytech.com/feed/index.php?feed=modulekit&view=player&category=media&player_id=243&key=446521baf8c38984&client_code=pwhl","https://lscluster.hockeytech.com/feed/index.php?feed=modulekit&view=player&category=profile&player_id=243&key=446521baf8c38984&client_code=pwhl","https://lscluster.hockeytech.com/feed/index.php?feed=modulekit&view=player&category=seasonstats&player_id=243&key=446521baf8c38984&client_code=pwhl","league-roster-normalized-name","Source mapped","Not reviewed","Official statistics and media provided by the Professional Women's Hockey League and HockeyTech.",""
"BOS","Hadley Hartmetz","D","10155","3038","9366","1","182","Hadley Hartmetz","RD","6","2001-03-25","R","5-5","Phoenixville, PA","https://assets.leaguestat.com/pwhl/240x240/182.jpg","https://lscluster.hockeytech.com/feed/index.php?feed=modulekit&view=player&category=media&player_id=182&key=446521baf8c38984&client_code=pwhl","https://lscluster.hockeytech.com/feed/index.php?feed=modulekit&view=player&category=profile&player_id=182&key=446521baf8c38984&client_code=pwhl","https://lscluster.hockeytech.com/feed/index.php?feed=modulekit&view=player&category=seasonstats&player_id=182&key=446521baf8c38984&client_code=pwhl","league-roster-normalized-name","Source mapped","Not reviewed","Official statistics and media provided by the Professional Women's Hockey League and HockeyTech.",""
"BOS","Haley Winn","D","6787","1830","5652","1","246","Haley Winn","RD","8","2003-07-14","R","5-6","Rochester, NY","https://assets.leaguestat.com/pwhl/240x240/246.jpg","https://lscluster.hockeytech.com/feed/index.php?feed=modulekit&view=player&category=media&player_id=246&key=446521baf8c38984&client_code=pwhl","https://lscluster.hockeytech.com/feed/index.php?feed=modulekit&view=player&category=profile&player_id=246&key=446521baf8c38984&client_code=pwhl","https://lscluster.hockeytech.com/feed/index.php?feed=modulekit&view=player&category=seasonstats&player_id=246&key=446521baf8c38984&client_code=pwhl","league-roster-normalized-name","Source mapped","Not reviewed","Official statistics and media provided by the Professional Women's Hockey League and HockeyTech.",""
"BOS","Hannah Brandt","F","74","43","1364","1","1","Hannah Brandt","C","20","1993-11-27","R","5-6","Vadnais Heights, MN","https://assets.leaguestat.com/pwhl/240x240/1.jpg","https://lscluster.hockeytech.com/feed/index.php?feed=modulekit&view=player&category=media&player_id=1&key=446521baf8c38984&client_code=pwhl","https://lscluster.hockeytech.com/feed/index.php?feed=modulekit&view=player&category=profile&player_id=1&key=446521baf8c38984&client_code=pwhl","https://lscluster.hockeytech.com/feed/index.php?feed=modulekit&view=player&category=seasonstats&player_id=1&key=446521baf8c38984&client_code=pwhl","league-roster-normalized-name","Source mapped","Not reviewed","Official statistics and media provided by the Professional Women's Hockey League and HockeyTech.",""
"BOS","Jamie Lee Rattray","F","8917","2459","7793","1","16","Jamie Lee Rattray","RW","47","1992-09-30","L","5-6","Kanata, ON","https://assets.leaguestat.com/pwhl/240x240/16.jpg","https://lscluster.hockeytech.com/feed/index.php?feed=modulekit&view=player&category=media&player_id=16&key=446521baf8c38984&client_code=pwhl","https://lscluster.hockeytech.com/feed/index.php?feed=modulekit&view=player&category=profile&player_id=16&key=446521baf8c38984&client_code=pwhl","https://lscluster.hockeytech.com/feed/index.php?feed=modulekit&view=player&category=seasonstats&player_id=16&key=446521baf8c38984&client_code=pwhl","league-roster-normalized-name","Source mapped","Not reviewed","Official statistics and media provided by the Professional Women's Hockey League and HockeyTech.",""
"BOS","Jill Saulnier","F","8931","2465","7807","1","149","Jill Saulnier","LW","44","1992-03-07","L","5-5","Halifax, NS","https://assets.leaguestat.com/pwhl/240x240/149.jpg","https://lscluster.hockeytech.com/feed/index.php?feed=modulekit&view=player&category=media&player_id=149&key=446521baf8c38984&client_code=pwhl","https://lscluster.hockeytech.com/feed/index.php?feed=modulekit&view=player&category=profile&player_id=149&key=446521baf8c38984&client_code=pwhl","https://lscluster.hockeytech.com/feed/index.php?feed=modulekit&view=player&category=seasonstats&player_id=149&key=446521baf8c38984&client_code=pwhl","league-roster-normalized-name","Source mapped","Not reviewed","Official statistics and media provided by the Professional Women's Hockey League and HockeyTech.",""
"BOS","Laura Kluge","F","4382","1111","2274","1","212","Laura Kluge","LW","25","1996-11-06","L","5-10","Berlin, GER","https://assets.leaguestat.com/pwhl/240x240/212.jpg","https://lscluster.hockeytech.com/feed/index.php?feed=modulekit&view=player&category=media&player_id=212&key=446521baf8c38984&client_code=pwhl","https://lscluster.hockeytech.com/feed/index.php?feed=modulekit&view=player&category=profile&player_id=212&key=446521baf8c38984&client_code=pwhl","https://lscluster.hockeytech.com/feed/index.php?feed=modulekit&view=player&category=seasonstats&player_id=212&key=446521baf8c38984&client_code=pwhl","league-roster-normalized-name","Source mapped","Not reviewed","Official statistics and media provided by the Professional Women's Hockey League and HockeyTech.",""
"BOS","Liz Schepers","F","10077","3007","9288","1","97","Liz Schepers","C","13","1999-02-13","L","5-7","Mound, MN","https://assets.leaguestat.com/pwhl/240x240/97.jpg","https://lscluster.hockeytech.com/feed/index.php?feed=modulekit&view=player&category=media&player_id=97&key=446521baf8c38984&client_code=pwhl","https://lscluster.hockeytech.com/feed/index.php?feed=modulekit&view=player&category=profile&player_id=97&key=446521baf8c38984&client_code=pwhl","https://lscluster.hockeytech.com/feed/index.php?feed=modulekit&view=player&category=seasonstats&player_id=97&key=446521baf8c38984&client_code=pwhl","league-roster-normalized-name","Source mapped","Not reviewed","Official statistics and media provided by the Professional Women's Hockey League and HockeyTech.",""
"BOS","Megan Keller","D","11255","3642","10481","1","12","Megan Keller","LD","5","1996-05-01","L","5-11","Farmington, MI","https://assets.leaguestat.com/pwhl/240x240/12.jpg","https://lscluster.hockeytech.com/feed/index.php?feed=modulekit&view=player&category=media&player_id=12&key=446521baf8c38984&client_code=pwhl","https://lscluster.hockeytech.com/feed/index.php?feed=modulekit&view=player&category=profile&player_id=12&key=446521baf8c38984&client_code=pwhl","https://lscluster.hockeytech.com/feed/index.php?feed=modulekit&view=player&category=seasonstats&player_id=12&key=446521baf8c38984&client_code=pwhl","league-roster-normalized-name","Source mapped","Not reviewed","Official statistics and media provided by the Professional Women's Hockey League and HockeyTech.",""
"BOS","Olivia Mobley","F","6912","1870","5894","1","256","Olivia Mobley","RW","15","2001-10-28","R","","St. Louis Park, MN","https://assets.leaguestat.com/pwhl/240x240/256.jpg","https://lscluster.hockeytech.com/feed/index.php?feed=modulekit&view=player&category=media&player_id=256&key=446521baf8c38984&client_code=pwhl","https://lscluster.hockeytech.com/feed/index.php?feed=modulekit&view=player&category=profile&player_id=256&key=446521baf8c38984&client_code=pwhl","https://lscluster.hockeytech.com/feed/index.php?feed=modulekit&view=player&category=seasonstats&player_id=256&key=446521baf8c38984&client_code=pwhl","league-roster-normalized-name","Source mapped","Not reviewed","Official statistics and media provided by the Professional Women's Hockey League and HockeyTech.",""
"BOS","Riley Brengman","D","8165","2189","7048","1","255","Riley Brengman","RD","16","2002-07-06","R","","China Township, MI","https://assets.leaguestat.com/pwhl/240x240/255.jpg","https://lscluster.hockeytech.com/feed/index.php?feed=modulekit&view=player&category=media&player_id=255&key=446521baf8c38984&client_code=pwhl","https://lscluster.hockeytech.com/feed/index.php?feed=modulekit&view=player&category=profile&player_id=255&key=446521baf8c38984&client_code=pwhl","https://lscluster.hockeytech.com/feed/index.php?feed=modulekit&view=player&category=seasonstats&player_id=255&key=446521baf8c38984&client_code=pwhl","league-roster-normalized-name","Source mapped","Not reviewed","Official statistics and media provided by the Professional Women's Hockey League and HockeyTech.",""
"BOS","Rylind MacKinnon","D","11364","3714","10596","1","232","Rylind MacKinnon","LD","53","2000-03-05","L","5-10","Cranbrook, BC","https://assets.leaguestat.com/pwhl/240x240/232.jpg","https://lscluster.hockeytech.com/feed/index.php?feed=modulekit&view=player&category=media&player_id=232&key=446521baf8c38984&client_code=pwhl","https://lscluster.hockeytech.com/feed/index.php?feed=modulekit&view=player&category=profile&player_id=232&key=446521baf8c38984&client_code=pwhl","https://lscluster.hockeytech.com/feed/index.php?feed=modulekit&view=player&category=seasonstats&player_id=232&key=446521baf8c38984&client_code=pwhl","league-roster-normalized-name","Source mapped","Not reviewed","Official statistics and media provided by the Professional Women's Hockey League and HockeyTech.",""
"BOS","Shay Maloney","F","6707","1800","4722","1","183","Shay Maloney","RW","27","2000-01-13","R","5-9","McHenry, IL","https://assets.leaguestat.com/pwhl/240x240/183.jpg","https://lscluster.hockeytech.com/feed/index.php?feed=modulekit&view=player&category=media&player_id=183&key=446521baf8c38984&client_code=pwhl","https://lscluster.hockeytech.com/feed/index.php?feed=modulekit&view=player&category=profile&player_id=183&key=446521baf8c38984&client_code=pwhl","https://lscluster.hockeytech.com/feed/index.php?feed=modulekit&view=player&category=seasonstats&player_id=183&key=446521baf8c38984&client_code=pwhl","league-roster-normalized-name","Source mapped","Not reviewed","Official statistics and media provided by the Professional Women's Hockey League and HockeyTech.",""
"BOS","Sophie Shirley","F","13025","5025","12322","0","18","Sophie Shirley","RW","9","1999-06-30","R","5-9","Saskatoon, SK","https://assets.leaguestat.com/pwhl/240x240/18.jpg","https://lscluster.hockeytech.com/feed/index.php?feed=modulekit&view=player&category=media&player_id=18&key=446521baf8c38984&client_code=pwhl","https://lscluster.hockeytech.com/feed/index.php?feed=modulekit&view=player&category=profile&player_id=18&key=446521baf8c38984&client_code=pwhl","https://lscluster.hockeytech.com/feed/index.php?feed=modulekit&view=player&category=seasonstats&player_id=18&key=446521baf8c38984&client_code=pwhl","league-roster-normalized-name","Source mapped","Not reviewed","Official statistics and media provided by the Professional Women's Hockey League and HockeyTech.",""
"BOS","Susanna Tapani","F","7623","2099","6653","1","78","Susanna Tapani","C","77","1993-03-02","L","5-10","Turku, FIN","https://assets.leaguestat.com/pwhl/240x240/78.jpg","https://lscluster.hockeytech.com/feed/index.php?feed=modulekit&view=player&category=media&player_id=78&key=446521baf8c38984&client_code=pwhl","https://lscluster.hockeytech.com/feed/index.php?feed=modulekit&view=player&category=profile&player_id=78&key=446521baf8c38984&client_code=pwhl","https://lscluster.hockeytech.com/feed/index.php?feed=modulekit&view=player&category=seasonstats&player_id=78&key=446521baf8c38984&client_code=pwhl","league-roster-normalized-name","Source mapped","Not reviewed","Official statistics and media provided by the Professional Women's Hockey League and HockeyTech.",""
"BOS","Theresa Schafzahl","F","9675","2789","8886","1","17","Theresa Schafzahl","LW","37","2000-04-12","L","5-8","Weiz, AUT","https://assets.leaguestat.com/pwhl/240x240/17.jpg","https://lscluster.hockeytech.com/feed/index.php?feed=modulekit&view=player&category=media&player_id=17&key=446521baf8c38984&client_code=pwhl","https://lscluster.hockeytech.com/feed/index.php?feed=modulekit&view=player&category=profile&player_id=17&key=446521baf8c38984&client_code=pwhl","https://lscluster.hockeytech.com/feed/index.php?feed=modulekit&view=player&category=seasonstats&player_id=17&key=446521baf8c38984&client_code=pwhl","league-roster-normalized-name","Source mapped","Not reviewed","Official statistics and media provided by the Professional Women's Hockey League and HockeyTech.",""
"BOS","Zoe Boyd","D","7752","2134","6779","1","52","Zoe Boyd","LD","3","2000-08-09","L","5-8","Caledon East, ON","https://assets.leaguestat.com/pwhl/240x240/52.jpg","https://lscluster.hockeytech.com/feed/index.php?feed=modulekit&view=player&category=media&player_id=52&key=446521baf8c38984&client_code=pwhl","https://lscluster.hockeytech.com/feed/index.php?feed=modulekit&view=player&category=profile&player_id=52&key=446521baf8c38984&client_code=pwhl","https://lscluster.hockeytech.com/feed/index.php?feed=modulekit&view=player&category=seasonstats&player_id=52&key=446521baf8c38984&client_code=pwhl","league-roster-normalized-name","Source mapped","Not reviewed","Official statistics and media provided by the Professional Women's Hockey League and HockeyTech.",""
"MIN","Abby Hustler","F","8790","2405","7664","1","247","Abby Hustler","F","74","2003-05-05","L","5-9","St. Louis, PEI","https://assets.leaguestat.com/pwhl/240x240/247.jpg","https://lscluster.hockeytech.com/feed/index.php?feed=modulekit&view=player&category=media&player_id=247&key=446521baf8c38984&client_code=pwhl","https://lscluster.hockeytech.com/feed/index.php?feed=modulekit&view=player&category=profile&player_id=247&key=446521baf8c38984&client_code=pwhl","https://lscluster.hockeytech.com/feed/index.php?feed=modulekit&view=player&category=seasonstats&player_id=247&key=446521baf8c38984&client_code=pwhl","league-roster-normalized-name","Source mapped","Not reviewed","Official statistics and media provided by the Professional Women's Hockey League and HockeyTech.",""
"MIN","Britta Curl-Salemme","F","6332","1633","138","1","189","Britta Curl-Salemme","F","77","2000-03-20","L","5-9","Bismarck, ND","https://assets.leaguestat.com/pwhl/240x240/189.jpg","https://lscluster.hockeytech.com/feed/index.php?feed=modulekit&view=player&category=media&player_id=189&key=446521baf8c38984&client_code=pwhl","https://lscluster.hockeytech.com/feed/index.php?feed=modulekit&view=player&category=profile&player_id=189&key=446521baf8c38984&client_code=pwhl","https://lscluster.hockeytech.com/feed/index.php?feed=modulekit&view=player&category=seasonstats&player_id=189&key=446521baf8c38984&client_code=pwhl","league-roster-normalized-name","Source mapped","Not reviewed","Official statistics and media provided by the Professional Women's Hockey League and HockeyTech.",""
"MIN","Brooke Becker","D","7763","2137","6790","1","264","Brooke Becker","D","15","2002-05-30","R","","Orchard Park, NY","https://assets.leaguestat.com/pwhl/240x240/264.jpg","https://lscluster.hockeytech.com/feed/index.php?feed=modulekit&view=player&category=media&player_id=264&key=446521baf8c38984&client_code=pwhl","https://lscluster.hockeytech.com/feed/index.php?feed=modulekit&view=player&category=profile&player_id=264&key=446521baf8c38984&client_code=pwhl","https://lscluster.hockeytech.com/feed/index.php?feed=modulekit&view=player&category=seasonstats&player_id=264&key=446521baf8c38984&client_code=pwhl","league-roster-normalized-name","Source mapped","Not reviewed","Official statistics and media provided by the Professional Women's Hockey League and HockeyTech.",""
"MIN","Claire Butorac","F","3212","729","1151","1","102","Claire Butorac","F","7","1999-09-24","R","5-6","Andover, MN","https://assets.leaguestat.com/pwhl/240x240/102.jpg","https://lscluster.hockeytech.com/feed/index.php?feed=modulekit&view=player&category=media&player_id=102&key=446521baf8c38984&client_code=pwhl","https://lscluster.hockeytech.com/feed/index.php?feed=modulekit&view=player&category=profile&player_id=102&key=446521baf8c38984&client_code=pwhl","https://lscluster.hockeytech.com/feed/index.php?feed=modulekit&view=player&category=seasonstats&player_id=102&key=446521baf8c38984&client_code=pwhl","league-roster-normalized-name","Source mapped","Not reviewed","Official statistics and media provided by the Professional Women's Hockey League and HockeyTech.",""
"MIN","Denisa Křížová","F","10047","2995","9258","1","104","Denisa Křížová","F","44","1994-11-03","L","5-5""","Horní Cerekev, CZE","https://assets.leaguestat.com/pwhl/240x240/104.jpg","https://lscluster.hockeytech.com/feed/index.php?feed=modulekit&view=player&category=media&player_id=104&key=446521baf8c38984&client_code=pwhl","https://lscluster.hockeytech.com/feed/index.php?feed=modulekit&view=player&category=profile&player_id=104&key=446521baf8c38984&client_code=pwhl","https://lscluster.hockeytech.com/feed/index.php?feed=modulekit&view=player&category=seasonstats&player_id=104&key=446521baf8c38984&client_code=pwhl","league-roster-normalized-name","Source mapped","Not reviewed","Official statistics and media provided by the Professional Women's Hockey League and HockeyTech.",""
"MIN","Dominique Petrie","F","10350","3126","9561","1","195","Dominique Petrie","F","14","2001-01-21","R","5-7","Hermosa Beach, CA","https://assets.leaguestat.com/pwhl/240x240/195.jpg","https://lscluster.hockeytech.com/feed/index.php?feed=modulekit&view=player&category=media&player_id=195&key=446521baf8c38984&client_code=pwhl","https://lscluster.hockeytech.com/feed/index.php?feed=modulekit&view=player&category=profile&player_id=195&key=446521baf8c38984&client_code=pwhl","https://lscluster.hockeytech.com/feed/index.php?feed=modulekit&view=player&category=seasonstats&player_id=195&key=446521baf8c38984&client_code=pwhl","league-roster-normalized-name","Source mapped","Not reviewed","Official statistics and media provided by the Professional Women's Hockey League and HockeyTech.",""
"MIN","Grace Zumwinkle","F","6756","1821","5184","1","25","Grace Zumwinkle","F","13","1999-04-23","R","5-9""","Excelsior, MN","https://assets.leaguestat.com/pwhl/240x240/25.jpg","https://lscluster.hockeytech.com/feed/index.php?feed=modulekit&view=player&category=media&player_id=25&key=446521baf8c38984&client_code=pwhl","https://lscluster.hockeytech.com/feed/index.php?feed=modulekit&view=player&category=profile&player_id=25&key=446521baf8c38984&client_code=pwhl","https://lscluster.hockeytech.com/feed/index.php?feed=modulekit&view=player&category=seasonstats&player_id=25&key=446521baf8c38984&client_code=pwhl","league-roster-normalized-name","Source mapped","Not reviewed","Official statistics and media provided by the Professional Women's Hockey League and HockeyTech.",""
"MIN","Katy Knoll","F","9209","2563","8420","1","191","Katy Knoll","F","6","2001-01-16","R","5-7""","Amherst, NY","https://assets.leaguestat.com/pwhl/240x240/191.jpg","https://lscluster.hockeytech.com/feed/index.php?feed=modulekit&view=player&category=media&player_id=191&key=446521baf8c38984&client_code=pwhl","https://lscluster.hockeytech.com/feed/index.php?feed=modulekit&view=player&category=profile&player_id=191&key=446521baf8c38984&client_code=pwhl","https://lscluster.hockeytech.com/feed/index.php?feed=modulekit&view=player&category=seasonstats&player_id=191&key=446521baf8c38984&client_code=pwhl","league-roster-normalized-name","Source mapped","Not reviewed","Official statistics and media provided by the Professional Women's Hockey League and HockeyTech.",""
"MIN","Kelly Pannek","F","10052","2999","9263","1","23","Kelly Pannek","F","12","1995-12-29","R","5-7""","Plymouth, MN","https://assets.leaguestat.com/pwhl/240x240/23.jpg","https://lscluster.hockeytech.com/feed/index.php?feed=modulekit&view=player&category=media&player_id=23&key=446521baf8c38984&client_code=pwhl","https://lscluster.hockeytech.com/feed/index.php?feed=modulekit&view=player&category=profile&player_id=23&key=446521baf8c38984&client_code=pwhl","https://lscluster.hockeytech.com/feed/index.php?feed=modulekit&view=player&category=seasonstats&player_id=23&key=446521baf8c38984&client_code=pwhl","league-roster-normalized-name","Source mapped","Not reviewed","Official statistics and media provided by the Professional Women's Hockey League and HockeyTech.",""
"MIN","Kendall Cooper","D","8721","2384","7595","1","236","Kendall Cooper","D","4","2002-05-19","R","5-","Oakville, ON","https://assets.leaguestat.com/pwhl/240x240/236.jpg","https://lscluster.hockeytech.com/feed/index.php?feed=modulekit&view=player&category=media&player_id=236&key=446521baf8c38984&client_code=pwhl","https://lscluster.hockeytech.com/feed/index.php?feed=modulekit&view=player&category=profile&player_id=236&key=446521baf8c38984&client_code=pwhl","https://lscluster.hockeytech.com/feed/index.php?feed=modulekit&view=player&category=seasonstats&player_id=236&key=446521baf8c38984&client_code=pwhl","league-roster-normalized-name","Source mapped","Not reviewed","Official statistics and media provided by the Professional Women's Hockey League and HockeyTech.",""
"MIN","Kendall Coyne Schofield","F","8213","2210","7096","1","20","Kendall Coyne Schofield","F","26","1992-05-25","L","5-2","Palos Heights, IL","https://assets.leaguestat.com/pwhl/240x240/20.jpg","https://lscluster.hockeytech.com/feed/index.php?feed=modulekit&view=player&category=media&player_id=20&key=446521baf8c38984&client_code=pwhl","https://lscluster.hockeytech.com/feed/index.php?feed=modulekit&view=player&category=profile&player_id=20&key=446521baf8c38984&client_code=pwhl","https://lscluster.hockeytech.com/feed/index.php?feed=modulekit&view=player&category=seasonstats&player_id=20&key=446521baf8c38984&client_code=pwhl","league-roster-normalized-name","Source mapped","Not reviewed","Official statistics and media provided by the Professional Women's Hockey League and HockeyTech.",""
"MIN","Klára Hymlárová","F","9126","2525","8077","1","190","Klára Hymlárová","F","71","1999-02-27","L","5-5","Opava, CZE","https://assets.leaguestat.com/pwhl/240x240/190.jpg","https://lscluster.hockeytech.com/feed/index.php?feed=modulekit&view=player&category=media&player_id=190&key=446521baf8c38984&client_code=pwhl","https://lscluster.hockeytech.com/feed/index.php?feed=modulekit&view=player&category=profile&player_id=190&key=446521baf8c38984&client_code=pwhl","https://lscluster.hockeytech.com/feed/index.php?feed=modulekit&view=player&category=seasonstats&player_id=190&key=446521baf8c38984&client_code=pwhl","league-roster-normalized-name","Source mapped","Not reviewed","Official statistics and media provided by the Professional Women's Hockey League and HockeyTech.",""
"MIN","Lee Stecklein","D","13008","5011","12305","0","24","Lee Stecklein","D","2","1994-04-23","L","6-0""","Roseville, MN","https://assets.leaguestat.com/pwhl/240x240/24.jpg","https://lscluster.hockeytech.com/feed/index.php?feed=modulekit&view=player&category=media&player_id=24&key=446521baf8c38984&client_code=pwhl","https://lscluster.hockeytech.com/feed/index.php?feed=modulekit&view=player&category=profile&player_id=24&key=446521baf8c38984&client_code=pwhl","https://lscluster.hockeytech.com/feed/index.php?feed=modulekit&view=player&category=seasonstats&player_id=24&key=446521baf8c38984&client_code=pwhl","league-roster-normalized-name","Source mapped","Not reviewed","Official statistics and media provided by the Professional Women's Hockey League and HockeyTech.",""
"MIN","Maddie Rooney","G","13020","5022","12317","0","123","Maddie Rooney","G","35","1997-07-07","R","5-5""","Andover, MN","https://assets.leaguestat.com/pwhl/240x240/123.jpg","https://lscluster.hockeytech.com/feed/index.php?feed=modulekit&view=player&category=media&player_id=123&key=446521baf8c38984&client_code=pwhl","https://lscluster.hockeytech.com/feed/index.php?feed=modulekit&view=player&category=profile&player_id=123&key=446521baf8c38984&client_code=pwhl","https://lscluster.hockeytech.com/feed/index.php?feed=modulekit&view=player&category=seasonstats&player_id=123&key=446521baf8c38984&client_code=pwhl","league-roster-normalized-name","Source mapped","Not reviewed","Official statistics and media provided by the Professional Women's Hockey League and HockeyTech.",""
"MIN","Madison Bizal","D","7861","2158","6888","1","162","Madison Bizal","D","9","2000-01-25","L","","Elk River, MN","https://assets.leaguestat.com/pwhl/240x240/162.jpg","https://lscluster.hockeytech.com/feed/index.php?feed=modulekit&view=player&category=media&player_id=162&key=446521baf8c38984&client_code=pwhl","https://lscluster.hockeytech.com/feed/index.php?feed=modulekit&view=player&category=profile&player_id=162&key=446521baf8c38984&client_code=pwhl","https://lscluster.hockeytech.com/feed/index.php?feed=modulekit&view=player&category=seasonstats&player_id=162&key=446521baf8c38984&client_code=pwhl","league-roster-normalized-name","Source mapped","Not reviewed","Official statistics and media provided by the Professional Women's Hockey League and HockeyTech.",""
"MIN","Mae Batherson","D","3280","763","1213","1","188","Mae Batherson","D","21","2000-12-05","L","5-8","New Minas, NS","https://assets.leaguestat.com/pwhl/240x240/188.jpg","https://lscluster.hockeytech.com/feed/index.php?feed=modulekit&view=player&category=media&player_id=188&key=446521baf8c38984&client_code=pwhl","https://lscluster.hockeytech.com/feed/index.php?feed=modulekit&view=player&category=profile&player_id=188&key=446521baf8c38984&client_code=pwhl","https://lscluster.hockeytech.com/feed/index.php?feed=modulekit&view=player&category=seasonstats&player_id=188&key=446521baf8c38984&client_code=pwhl","league-roster-normalized-name","Source mapped","Not reviewed","Official statistics and media provided by the Professional Women's Hockey League and HockeyTech.",""
"MIN","Marlène Boissonnault","G","8528","2317","7402","0","166","Marlène Boissonnault","G","1","1997-06-19","L","","Dundee, NB","https://assets.leaguestat.com/pwhl/240x240/166.jpg","https://lscluster.hockeytech.com/feed/index.php?feed=modulekit&view=player&category=media&player_id=166&key=446521baf8c38984&client_code=pwhl","https://lscluster.hockeytech.com/feed/index.php?feed=modulekit&view=player&category=profile&player_id=166&key=446521baf8c38984&client_code=pwhl","https://lscluster.hockeytech.com/feed/index.php?feed=modulekit&view=player&category=seasonstats&player_id=166&key=446521baf8c38984&client_code=pwhl","league-roster-normalized-name","Source mapped","Not reviewed","Official statistics and media provided by the Professional Women's Hockey League and HockeyTech.",""
"MIN","Natalie Buchbinder","D","8551","2322","7425","1","90","Natalie Buchbinder","D","22","1999-01-22","R","5-8""","Fairport, NY","https://assets.leaguestat.com/pwhl/240x240/90.jpg","https://lscluster.hockeytech.com/feed/index.php?feed=modulekit&view=player&category=media&player_id=90&key=446521baf8c38984&client_code=pwhl","https://lscluster.hockeytech.com/feed/index.php?feed=modulekit&view=player&category=profile&player_id=90&key=446521baf8c38984&client_code=pwhl","https://lscluster.hockeytech.com/feed/index.php?feed=modulekit&view=player&category=seasonstats&player_id=90&key=446521baf8c38984&client_code=pwhl","league-roster-normalized-name","Source mapped","Not reviewed","Official statistics and media provided by the Professional Women's Hockey League and HockeyTech.",""
"MIN","Nicole Hensley","G","8292","2223","7170","1","22","Nicole Hensley","G","29","1994-06-23","L","5-7","Lakewood, CO","https://assets.leaguestat.com/pwhl/240x240/22.jpg","https://lscluster.hockeytech.com/feed/index.php?feed=modulekit&view=player&category=media&player_id=22&key=446521baf8c38984&client_code=pwhl","https://lscluster.hockeytech.com/feed/index.php?feed=modulekit&view=player&category=profile&player_id=22&key=446521baf8c38984&client_code=pwhl","https://lscluster.hockeytech.com/feed/index.php?feed=modulekit&view=player&category=seasonstats&player_id=22&key=446521baf8c38984&client_code=pwhl","league-roster-normalized-name","Source mapped","Not reviewed","Official statistics and media provided by the Professional Women's Hockey League and HockeyTech.",""
"MIN","Peyton Anderson","F","3147","709","1126","1","263","Peyton Anderson","F","91","2001-04-18","L","","Arvada, CO","https://assets.leaguestat.com/pwhl/240x240/263.jpg","https://lscluster.hockeytech.com/feed/index.php?feed=modulekit&view=player&category=media&player_id=263&key=446521baf8c38984&client_code=pwhl","https://lscluster.hockeytech.com/feed/index.php?feed=modulekit&view=player&category=profile&player_id=263&key=446521baf8c38984&client_code=pwhl","https://lscluster.hockeytech.com/feed/index.php?feed=modulekit&view=player&category=seasonstats&player_id=263&key=446521baf8c38984&client_code=pwhl","league-roster-normalized-name","Source mapped","Not reviewed","Official statistics and media provided by the Professional Women's Hockey League and HockeyTech.",""
"MIN","Sidney Morin","D","11179","3600","10398","1","167","Sidney Morin","D","5","1995-06-06","R","5-5","Minnetonka, MN","https://assets.leaguestat.com/pwhl/240x240/167.jpg","https://lscluster.hockeytech.com/feed/index.php?feed=modulekit&view=player&category=media&player_id=167&key=446521baf8c38984&client_code=pwhl","https://lscluster.hockeytech.com/feed/index.php?feed=modulekit&view=player&category=profile&player_id=167&key=446521baf8c38984&client_code=pwhl","https://lscluster.hockeytech.com/feed/index.php?feed=modulekit&view=player&category=seasonstats&player_id=167&key=446521baf8c38984&client_code=pwhl","league-roster-normalized-name","Source mapped","Not reviewed","Official statistics and media provided by the Professional Women's Hockey League and HockeyTech.",""
"MIN","Taylor Heise","F","8310","2231","7188","1","21","Taylor Heise","F","27","2000-03-17","R","5-10","Lake City, MN","https://assets.leaguestat.com/pwhl/240x240/21.jpg","https://lscluster.hockeytech.com/feed/index.php?feed=modulekit&view=player&category=media&player_id=21&key=446521baf8c38984&client_code=pwhl","https://lscluster.hockeytech.com/feed/index.php?feed=modulekit&view=player&category=profile&player_id=21&key=446521baf8c38984&client_code=pwhl","https://lscluster.hockeytech.com/feed/index.php?feed=modulekit&view=player&category=seasonstats&player_id=21&key=446521baf8c38984&client_code=pwhl","league-roster-normalized-name","Source mapped","Not reviewed","Official statistics and media provided by the Professional Women's Hockey League and HockeyTech.",""
"MIN","Vanessa Upson","F","11331","3685","10560","1","269","Vanessa Upson","F","24","2003-11-18","L","","Stoney Creek, ON","https://assets.leaguestat.com/pwhl/240x240/269.jpg","https://lscluster.hockeytech.com/feed/index.php?feed=modulekit&view=player&category=media&player_id=269&key=446521baf8c38984&client_code=pwhl","https://lscluster.hockeytech.com/feed/index.php?feed=modulekit&view=player&category=profile&player_id=269&key=446521baf8c38984&client_code=pwhl","https://lscluster.hockeytech.com/feed/index.php?feed=modulekit&view=player&category=seasonstats&player_id=269&key=446521baf8c38984&client_code=pwhl","league-roster-normalized-name","Source mapped","Not reviewed","Official statistics and media provided by the Professional Women's Hockey League and HockeyTech.",""
"MTL","Abby Roque","F","8787","2403","7661","1","42","Abby Roque","F","11","1997-09-25","R","5-7""","Sault Ste. Marie, MI","https://assets.leaguestat.com/pwhl/240x240/42.jpg","https://lscluster.hockeytech.com/feed/index.php?feed=modulekit&view=player&category=media&player_id=42&key=446521baf8c38984&client_code=pwhl","https://lscluster.hockeytech.com/feed/index.php?feed=modulekit&view=player&category=profile&player_id=42&key=446521baf8c38984&client_code=pwhl","https://lscluster.hockeytech.com/feed/index.php?feed=modulekit&view=player&category=seasonstats&player_id=42&key=446521baf8c38984&client_code=pwhl","league-roster-normalized-name","Source mapped","Not reviewed","Official statistics and media provided by the Professional Women's Hockey League and HockeyTech.",""
"MTL","Alexandra Labelle","F","6987","1896","6022","1","39","Alexandra Labelle","F","13","1996-02-27","L","5-7","St-Louis-de-Gonzague, QC","https://assets.leaguestat.com/pwhl/240x240/39.jpg","https://lscluster.hockeytech.com/feed/index.php?feed=modulekit&view=player&category=media&player_id=39&key=446521baf8c38984&client_code=pwhl","https://lscluster.hockeytech.com/feed/index.php?feed=modulekit&view=player&category=profile&player_id=39&key=446521baf8c38984&client_code=pwhl","https://lscluster.hockeytech.com/feed/index.php?feed=modulekit&view=player&category=seasonstats&player_id=39&key=446521baf8c38984&client_code=pwhl","league-roster-normalized-name","Source mapped","Not reviewed","Official statistics and media provided by the Professional Women's Hockey League and HockeyTech.",""
"MTL","Amanda Boulier","D","7491","2051","6525","1","51","Amanda Boulier","D","44","1993-03-30","R","5-1""","Watertown, CT","https://assets.leaguestat.com/pwhl/240x240/51.jpg","https://lscluster.hockeytech.com/feed/index.php?feed=modulekit&view=player&category=media&player_id=51&key=446521baf8c38984&client_code=pwhl","https://lscluster.hockeytech.com/feed/index.php?feed=modulekit&view=player&category=profile&player_id=51&key=446521baf8c38984&client_code=pwhl","https://lscluster.hockeytech.com/feed/index.php?feed=modulekit&view=player&category=seasonstats&player_id=51&key=446521baf8c38984&client_code=pwhl","league-roster-normalized-name","Source mapped","Not reviewed","Official statistics and media provided by the Professional Women's Hockey League and HockeyTech.",""
"MTL","Ann-Renée Desbiens","G","10382","3145","9593","1","28","Ann-Renée Desbiens","G","35","1994-04-10","L","5-9""","Clermont, QC","https://assets.leaguestat.com/pwhl/240x240/28.jpg","https://lscluster.hockeytech.com/feed/index.php?feed=modulekit&view=player&category=media&player_id=28&key=446521baf8c38984&client_code=pwhl","https://lscluster.hockeytech.com/feed/index.php?feed=modulekit&view=player&category=profile&player_id=28&key=446521baf8c38984&client_code=pwhl","https://lscluster.hockeytech.com/feed/index.php?feed=modulekit&view=player&category=seasonstats&player_id=28&key=446521baf8c38984&client_code=pwhl","league-roster-normalized-name","Source mapped","Not reviewed","Official statistics and media provided by the Professional Women's Hockey League and HockeyTech.",""
"MTL","Catherine Dubois","F","6618","1762","2576","1","157","Catherine Dubois","F","28","1995-07-29","L","5-10""","Charlesbourg, QC","https://assets.leaguestat.com/pwhl/240x240/157.jpg","https://lscluster.hockeytech.com/feed/index.php?feed=modulekit&view=player&category=media&player_id=157&key=446521baf8c38984&client_code=pwhl","https://lscluster.hockeytech.com/feed/index.php?feed=modulekit&view=player&category=profile&player_id=157&key=446521baf8c38984&client_code=pwhl","https://lscluster.hockeytech.com/feed/index.php?feed=modulekit&view=player&category=seasonstats&player_id=157&key=446521baf8c38984&client_code=pwhl","league-roster-normalized-name","Source mapped","Not reviewed","Official statistics and media provided by the Professional Women's Hockey League and HockeyTech.",""
"MTL","Dara Greig","F","6724","1811","5011","1","199","Dara Greig","F","17","2000-12-30","L","5-","Camden, NJ","https://assets.leaguestat.com/pwhl/240x240/199.jpg","https://lscluster.hockeytech.com/feed/index.php?feed=modulekit&view=player&category=media&player_id=199&key=446521baf8c38984&client_code=pwhl","https://lscluster.hockeytech.com/feed/index.php?feed=modulekit&view=player&category=profile&player_id=199&key=446521baf8c38984&client_code=pwhl","https://lscluster.hockeytech.com/feed/index.php?feed=modulekit&view=player&category=seasonstats&player_id=199&key=446521baf8c38984&client_code=pwhl","league-roster-normalized-name","Source mapped","Not reviewed","Official statistics and media provided by the Professional Women's Hockey League and HockeyTech.",""
"MTL","Erin Ambrose","D","3714","924","1789","1","83","Erin Ambrose","D","23","1994-04-30","R","5-5""","Keswick, ON","https://assets.leaguestat.com/pwhl/240x240/83.jpg","https://lscluster.hockeytech.com/feed/index.php?feed=modulekit&view=player&category=media&player_id=83&key=446521baf8c38984&client_code=pwhl","https://lscluster.hockeytech.com/feed/index.php?feed=modulekit&view=player&category=profile&player_id=83&key=446521baf8c38984&client_code=pwhl","https://lscluster.hockeytech.com/feed/index.php?feed=modulekit&view=player&category=seasonstats&player_id=83&key=446521baf8c38984&client_code=pwhl","league-roster-normalized-name","Source mapped","Not reviewed","Official statistics and media provided by the Professional Women's Hockey League and HockeyTech.",""
"MTL","Hayley Scamurra","F","9815","2871","9026","1","61","Hayley Scamurra","F","16","1994-12-14","L","5-8""","Buffalo, NY","https://assets.leaguestat.com/pwhl/240x240/61.jpg","https://lscluster.hockeytech.com/feed/index.php?feed=modulekit&view=player&category=media&player_id=61&key=446521baf8c38984&client_code=pwhl","https://lscluster.hockeytech.com/feed/index.php?feed=modulekit&view=player&category=profile&player_id=61&key=446521baf8c38984&client_code=pwhl","https://lscluster.hockeytech.com/feed/index.php?feed=modulekit&view=player&category=seasonstats&player_id=61&key=446521baf8c38984&client_code=pwhl","league-roster-normalized-name","Source mapped","Not reviewed","Official statistics and media provided by the Professional Women's Hockey League and HockeyTech.",""
"MTL","Jade Downie-Landry","F","6423","1660","479","1","35","Jade Downie-Landry","F","77","1995-10-03","L","5-9","St-Jean-sur-Richelieu, QC","https://assets.leaguestat.com/pwhl/240x240/35.jpg","https://lscluster.hockeytech.com/feed/index.php?feed=modulekit&view=player&category=media&player_id=35&key=446521baf8c38984&client_code=pwhl","https://lscluster.hockeytech.com/feed/index.php?feed=modulekit&view=player&category=profile&player_id=35&key=446521baf8c38984&client_code=pwhl","https://lscluster.hockeytech.com/feed/index.php?feed=modulekit&view=player&category=seasonstats&player_id=35&key=446521baf8c38984&client_code=pwhl","league-roster-normalized-name","Source mapped","Not reviewed","Official statistics and media provided by the Professional Women's Hockey League and HockeyTech.",""
"MTL","Jessica Digirolamo","D","10937","3469","10149","1","5","Jessica DiGirolamo","D","22","1999-02-13","L","5-","Mississauga, ON","https://assets.leaguestat.com/pwhl/240x240/5.jpg","https://lscluster.hockeytech.com/feed/index.php?feed=modulekit&view=player&category=media&player_id=5&key=446521baf8c38984&client_code=pwhl","https://lscluster.hockeytech.com/feed/index.php?feed=modulekit&view=player&category=profile&player_id=5&key=446521baf8c38984&client_code=pwhl","https://lscluster.hockeytech.com/feed/index.php?feed=modulekit&view=player&category=seasonstats&player_id=5&key=446521baf8c38984&client_code=pwhl","league-roster-normalized-name","Source mapped","Not reviewed","Official statistics and media provided by the Professional Women's Hockey League and HockeyTech.",""
"MTL","Kaitlin Willoughby","F","7625","2100","6655","1","128","Kaitlin Willoughby","F","19","1995-03-26","R","5-6""","Prince Albert, SK","https://assets.leaguestat.com/pwhl/240x240/128.jpg","https://lscluster.hockeytech.com/feed/index.php?feed=modulekit&view=player&category=media&player_id=128&key=446521baf8c38984&client_code=pwhl","https://lscluster.hockeytech.com/feed/index.php?feed=modulekit&view=player&category=profile&player_id=128&key=446521baf8c38984&client_code=pwhl","https://lscluster.hockeytech.com/feed/index.php?feed=modulekit&view=player&category=seasonstats&player_id=128&key=446521baf8c38984&client_code=pwhl","league-roster-normalized-name","Source mapped","Not reviewed","Official statistics and media provided by the Professional Women's Hockey League and HockeyTech.",""
"MTL","Kati Tabin","D","9257","2588","8468","1","84","Kati Tabin","D","9","1997-04-21","L","5-8""","Winnipeg, MB","https://assets.leaguestat.com/pwhl/240x240/84.jpg","https://lscluster.hockeytech.com/feed/index.php?feed=modulekit&view=player&category=media&player_id=84&key=446521baf8c38984&client_code=pwhl","https://lscluster.hockeytech.com/feed/index.php?feed=modulekit&view=player&category=profile&player_id=84&key=446521baf8c38984&client_code=pwhl","https://lscluster.hockeytech.com/feed/index.php?feed=modulekit&view=player&category=seasonstats&player_id=84&key=446521baf8c38984&client_code=pwhl","league-roster-normalized-name","Source mapped","Not reviewed","Official statistics and media provided by the Professional Women's Hockey League and HockeyTech.",""
"MTL","Kelly-Ann Nadeau","D","12273","4369","11561","1","202","Kelly Ann Nadeau","D","51","1998-03-30","R","5-7","Mont-Laurier, QC","https://assets.leaguestat.com/pwhl/240x240/202.jpg","https://lscluster.hockeytech.com/feed/index.php?feed=modulekit&view=player&category=media&player_id=202&key=446521baf8c38984&client_code=pwhl","https://lscluster.hockeytech.com/feed/index.php?feed=modulekit&view=player&category=profile&player_id=202&key=446521baf8c38984&client_code=pwhl","https://lscluster.hockeytech.com/feed/index.php?feed=modulekit&view=player&category=seasonstats&player_id=202&key=446521baf8c38984&client_code=pwhl","league-roster-normalized-name","Source mapped","Not reviewed","Official statistics and media provided by the Professional Women's Hockey League and HockeyTech.",""
"MTL","Laura Stacey","F","12117","4277","11399","1","32","Laura Stacey","F","7","1994-05-05","R","5-10""","Kleinburg, ON","https://assets.leaguestat.com/pwhl/240x240/32.jpg","https://lscluster.hockeytech.com/feed/index.php?feed=modulekit&view=player&category=media&player_id=32&key=446521baf8c38984&client_code=pwhl","https://lscluster.hockeytech.com/feed/index.php?feed=modulekit&view=player&category=profile&player_id=32&key=446521baf8c38984&client_code=pwhl","https://lscluster.hockeytech.com/feed/index.php?feed=modulekit&view=player&category=seasonstats&player_id=32&key=446521baf8c38984&client_code=pwhl","league-roster-normalized-name","Source mapped","Not reviewed","Official statistics and media provided by the Professional Women's Hockey League and HockeyTech.",""
"MTL","Maggie Flaherty","D","9278","2603","8489","1","79","Maggie Flaherty","D","91","2000-06-02","L","5-8","Lakeville, MN","https://assets.leaguestat.com/pwhl/240x240/79.jpg","https://lscluster.hockeytech.com/feed/index.php?feed=modulekit&view=player&category=media&player_id=79&key=446521baf8c38984&client_code=pwhl","https://lscluster.hockeytech.com/feed/index.php?feed=modulekit&view=player&category=profile&player_id=79&key=446521baf8c38984&client_code=pwhl","https://lscluster.hockeytech.com/feed/index.php?feed=modulekit&view=player&category=seasonstats&player_id=79&key=446521baf8c38984&client_code=pwhl","league-roster-normalized-name","Source mapped","Not reviewed","Official statistics and media provided by the Professional Women's Hockey League and HockeyTech.",""
"MTL","Marie-Philip Poulin","F","8782","2401","7656","1","31","Marie-Philip Poulin","F","29","1991-03-28","L","5-7","Beauceville, QC","https://assets.leaguestat.com/pwhl/240x240/31.jpg","https://lscluster.hockeytech.com/feed/index.php?feed=modulekit&view=player&category=media&player_id=31&key=446521baf8c38984&client_code=pwhl","https://lscluster.hockeytech.com/feed/index.php?feed=modulekit&view=player&category=profile&player_id=31&key=446521baf8c38984&client_code=pwhl","https://lscluster.hockeytech.com/feed/index.php?feed=modulekit&view=player&category=seasonstats&player_id=31&key=446521baf8c38984&client_code=pwhl","league-roster-normalized-name","Source mapped","Not reviewed","Official statistics and media provided by the Professional Women's Hockey League and HockeyTech.",""
"MTL","Maureen Murphy","F","7164","1953","6200","1","98","Maureen Murphy","F","21","1999-12-15","R","5-4","Buffalo, NY","https://assets.leaguestat.com/pwhl/240x240/98.jpg","https://lscluster.hockeytech.com/feed/index.php?feed=modulekit&view=player&category=media&player_id=98&key=446521baf8c38984&client_code=pwhl","https://lscluster.hockeytech.com/feed/index.php?feed=modulekit&view=player&category=profile&player_id=98&key=446521baf8c38984&client_code=pwhl","https://lscluster.hockeytech.com/feed/index.php?feed=modulekit&view=player&category=seasonstats&player_id=98&key=446521baf8c38984&client_code=pwhl","league-roster-normalized-name","Source mapped","Not reviewed","Official statistics and media provided by the Professional Women's Hockey League and HockeyTech.",""
"MTL","Megan Warrener","G","9085","2518","7962","1","270","Megan Warrener","G","1","2003-07-03","L","5-","Stoney Creek, ON","https://assets.leaguestat.com/pwhl/240x240/270.jpg","https://lscluster.hockeytech.com/feed/index.php?feed=modulekit&view=player&category=media&player_id=270&key=446521baf8c38984&client_code=pwhl","https://lscluster.hockeytech.com/feed/index.php?feed=modulekit&view=player&category=profile&player_id=270&key=446521baf8c38984&client_code=pwhl","https://lscluster.hockeytech.com/feed/index.php?feed=modulekit&view=player&category=seasonstats&player_id=270&key=446521baf8c38984&client_code=pwhl","league-roster-normalized-name","Source mapped","Not reviewed","Official statistics and media provided by the Professional Women's Hockey League and HockeyTech.",""
"MTL","Natálie Mlýnková","F","7099","1931","6135","1","274","Natálie Mlýnková","F","96","2001-05-24","L","5-","Zlin, CZE","https://assets.leaguestat.com/pwhl/240x240/274.jpg","https://lscluster.hockeytech.com/feed/index.php?feed=modulekit&view=player&category=media&player_id=274&key=446521baf8c38984&client_code=pwhl","https://lscluster.hockeytech.com/feed/index.php?feed=modulekit&view=player&category=profile&player_id=274&key=446521baf8c38984&client_code=pwhl","https://lscluster.hockeytech.com/feed/index.php?feed=modulekit&view=player&category=seasonstats&player_id=274&key=446521baf8c38984&client_code=pwhl","league-roster-normalized-name","Source mapped","Not reviewed","Official statistics and media provided by the Professional Women's Hockey League and HockeyTech.",""
"MTL","Nicole Gosling","D","11837","4082","11099","1","253","Nicole Gosling","D","61","2002-04-21","L","5-6","London, ON","https://assets.leaguestat.com/pwhl/240x240/253.jpg","https://lscluster.hockeytech.com/feed/index.php?feed=modulekit&view=player&category=media&player_id=253&key=446521baf8c38984&client_code=pwhl","https://lscluster.hockeytech.com/feed/index.php?feed=modulekit&view=player&category=profile&player_id=253&key=446521baf8c38984&client_code=pwhl","https://lscluster.hockeytech.com/feed/index.php?feed=modulekit&view=player&category=seasonstats&player_id=253&key=446521baf8c38984&client_code=pwhl","league-roster-normalized-name","Source mapped","Not reviewed","Official statistics and media provided by the Professional Women's Hockey League and HockeyTech.",""
"MTL","Sandra Abstreiter","G","8985","2494","7861","1","48","Sandra Abstreiter","G","30","1998-07-23","L","5-11""","Freising, GER","https://assets.leaguestat.com/pwhl/240x240/48.jpg","https://lscluster.hockeytech.com/feed/index.php?feed=modulekit&view=player&category=media&player_id=48&key=446521baf8c38984&client_code=pwhl","https://lscluster.hockeytech.com/feed/index.php?feed=modulekit&view=player&category=profile&player_id=48&key=446521baf8c38984&client_code=pwhl","https://lscluster.hockeytech.com/feed/index.php?feed=modulekit&view=player&category=seasonstats&player_id=48&key=446521baf8c38984&client_code=pwhl","league-roster-normalized-name","Source mapped","Not reviewed","Official statistics and media provided by the Professional Women's Hockey League and HockeyTech.",""
"MTL","Shiann Darkangelo","F","5716","1379","4467","1","4","Shiann Darkangelo","F","27","1993-11-28","L","5-11""","Brighton, MI","https://assets.leaguestat.com/pwhl/240x240/4.jpg","https://lscluster.hockeytech.com/feed/index.php?feed=modulekit&view=player&category=media&player_id=4&key=446521baf8c38984&client_code=pwhl","https://lscluster.hockeytech.com/feed/index.php?feed=modulekit&view=player&category=profile&player_id=4&key=446521baf8c38984&client_code=pwhl","https://lscluster.hockeytech.com/feed/index.php?feed=modulekit&view=player&category=seasonstats&player_id=4&key=446521baf8c38984&client_code=pwhl","league-roster-normalized-name","Source mapped","Not reviewed","Official statistics and media provided by the Professional Women's Hockey League and HockeyTech.",""
"MTL","Skylar Irving","F","6846","1852","5828","1","272","Skylar Irving","F","88","2002-01-21","R","5-","Kingston, MA","https://assets.leaguestat.com/pwhl/240x240/272.jpg","https://lscluster.hockeytech.com/feed/index.php?feed=modulekit&view=player&category=media&player_id=272&key=446521baf8c38984&client_code=pwhl","https://lscluster.hockeytech.com/feed/index.php?feed=modulekit&view=player&category=profile&player_id=272&key=446521baf8c38984&client_code=pwhl","https://lscluster.hockeytech.com/feed/index.php?feed=modulekit&view=player&category=seasonstats&player_id=272&key=446521baf8c38984&client_code=pwhl","league-roster-normalized-name","Source mapped","Not reviewed","Official statistics and media provided by the Professional Women's Hockey League and HockeyTech.",""
"NY","Allyson Simpson","D","12070","4243","11348","1","230","Allyson Simpson","D","20","2000-12-20","R","5-8""","Frisco, TX","https://assets.leaguestat.com/pwhl/240x240/230.jpg","https://lscluster.hockeytech.com/feed/index.php?feed=modulekit&view=player&category=media&player_id=230&key=446521baf8c38984&client_code=pwhl","https://lscluster.hockeytech.com/feed/index.php?feed=modulekit&view=player&category=profile&player_id=230&key=446521baf8c38984&client_code=pwhl","https://lscluster.hockeytech.com/feed/index.php?feed=modulekit&view=player&category=seasonstats&player_id=230&key=446521baf8c38984&client_code=pwhl","league-roster-normalized-name","Source mapped","Not reviewed","Official statistics and media provided by the Professional Women's Hockey League and HockeyTech.",""
"NY","Anna Bargman","F","3326","786","1262","1","277","Anna Bargman","F","22","2002-08-07","L","5-8","Boxford, MA","https://assets.leaguestat.com/pwhl/240x240/277.jpg","https://lscluster.hockeytech.com/feed/index.php?feed=modulekit&view=player&category=media&player_id=277&key=446521baf8c38984&client_code=pwhl","https://lscluster.hockeytech.com/feed/index.php?feed=modulekit&view=player&category=profile&player_id=277&key=446521baf8c38984&client_code=pwhl","https://lscluster.hockeytech.com/feed/index.php?feed=modulekit&view=player&category=seasonstats&player_id=277&key=446521baf8c38984&client_code=pwhl","league-roster-normalized-name","Source mapped","Not reviewed","Official statistics and media provided by the Professional Women's Hockey League and HockeyTech.",""
"NY","Anne Cherkowski","F","3339","791","1275","1","249","Anne Cherkowski","F","24","2002-07-06","R","","Coldstream, BC","https://assets.leaguestat.com/pwhl/240x240/249.jpg","https://lscluster.hockeytech.com/feed/index.php?feed=modulekit&view=player&category=media&player_id=249&key=446521baf8c38984&client_code=pwhl","https://lscluster.hockeytech.com/feed/index.php?feed=modulekit&view=player&category=profile&player_id=249&key=446521baf8c38984&client_code=pwhl","https://lscluster.hockeytech.com/feed/index.php?feed=modulekit&view=player&category=seasonstats&player_id=249&key=446521baf8c38984&client_code=pwhl","league-roster-normalized-name","Source mapped","Not reviewed","Official statistics and media provided by the Professional Women's Hockey League and HockeyTech.",""
"NY","Callie Shanahan","G","7571","2073","6602","1","282","Callie Shanahan","G","37","2003-05-26","L","5-10","Commerce Township, MI","https://assets.leaguestat.com/pwhl/240x240/282.jpg","https://lscluster.hockeytech.com/feed/index.php?feed=modulekit&view=player&category=media&player_id=282&key=446521baf8c38984&client_code=pwhl","https://lscluster.hockeytech.com/feed/index.php?feed=modulekit&view=player&category=profile&player_id=282&key=446521baf8c38984&client_code=pwhl","https://lscluster.hockeytech.com/feed/index.php?feed=modulekit&view=player&category=seasonstats&player_id=282&key=446521baf8c38984&client_code=pwhl","league-roster-normalized-name","Source mapped","Not reviewed","Official statistics and media provided by the Professional Women's Hockey League and HockeyTech.",""
"NY","Casey O'Brien","F","10974","3500","10188","1","280","Casey O'Brien","F","26","2001-08-27","L","5-4","Milton, MA","https://assets.leaguestat.com/pwhl/240x240/280.jpg","https://lscluster.hockeytech.com/feed/index.php?feed=modulekit&view=player&category=media&player_id=280&key=446521baf8c38984&client_code=pwhl","https://lscluster.hockeytech.com/feed/index.php?feed=modulekit&view=player&category=profile&player_id=280&key=446521baf8c38984&client_code=pwhl","https://lscluster.hockeytech.com/feed/index.php?feed=modulekit&view=player&category=seasonstats&player_id=280&key=446521baf8c38984&client_code=pwhl","league-roster-normalized-name","Source mapped","Not reviewed","Official statistics and media provided by the Professional Women's Hockey League and HockeyTech.",""
"NY","Elle Hartje","F","7775","2141","6802","1","206","Elle Hartje","F","4","2001-04-13","L","5-5","Detroit, MI ","https://assets.leaguestat.com/pwhl/240x240/206.jpg","https://lscluster.hockeytech.com/feed/index.php?feed=modulekit&view=player&category=media&player_id=206&key=446521baf8c38984&client_code=pwhl","https://lscluster.hockeytech.com/feed/index.php?feed=modulekit&view=player&category=profile&player_id=206&key=446521baf8c38984&client_code=pwhl","https://lscluster.hockeytech.com/feed/index.php?feed=modulekit&view=player&category=seasonstats&player_id=206&key=446521baf8c38984&client_code=pwhl","league-roster-normalized-name","Source mapped","Not reviewed","Official statistics and media provided by the Professional Women's Hockey League and HockeyTech.",""
"NY","Emmy Fecteau","F","3677","905","1752","1","204","Emmy Fecteau","F","29","1999-04-07","L","5-6","Saint-Odilon-de-Cranbourn","https://assets.leaguestat.com/pwhl/240x240/204.jpg","https://lscluster.hockeytech.com/feed/index.php?feed=modulekit&view=player&category=media&player_id=204&key=446521baf8c38984&client_code=pwhl","https://lscluster.hockeytech.com/feed/index.php?feed=modulekit&view=player&category=profile&player_id=204&key=446521baf8c38984&client_code=pwhl","https://lscluster.hockeytech.com/feed/index.php?feed=modulekit&view=player&category=seasonstats&player_id=204&key=446521baf8c38984&client_code=pwhl","league-roster-normalized-name","Source mapped","Not reviewed","Official statistics and media provided by the Professional Women's Hockey League and HockeyTech.",""
"NY","Jaime Bourbonnais","D","6971","1889","6006","1","87","Jaime Bourbonnais","D","14","1998-09-09","R","5-7","Mississauga, ON","https://assets.leaguestat.com/pwhl/240x240/87.jpg","https://lscluster.hockeytech.com/feed/index.php?feed=modulekit&view=player&category=media&player_id=87&key=446521baf8c38984&client_code=pwhl","https://lscluster.hockeytech.com/feed/index.php?feed=modulekit&view=player&category=profile&player_id=87&key=446521baf8c38984&client_code=pwhl","https://lscluster.hockeytech.com/feed/index.php?feed=modulekit&view=player&category=seasonstats&player_id=87&key=446521baf8c38984&client_code=pwhl","league-roster-normalized-name","Source mapped","Not reviewed","Official statistics and media provided by the Professional Women's Hockey League and HockeyTech.",""
"NY","Jincy Roese","D","7745","2133","6772","1","60","Jincy Roese","D","33","1997-05-15","L","5-6""","O'Fallon, MO","https://assets.leaguestat.com/pwhl/240x240/60.jpg","https://lscluster.hockeytech.com/feed/index.php?feed=modulekit&view=player&category=media&player_id=60&key=446521baf8c38984&client_code=pwhl","https://lscluster.hockeytech.com/feed/index.php?feed=modulekit&view=player&category=profile&player_id=60&key=446521baf8c38984&client_code=pwhl","https://lscluster.hockeytech.com/feed/index.php?feed=modulekit&view=player&category=seasonstats&player_id=60&key=446521baf8c38984&client_code=pwhl","league-roster-normalized-name","Source mapped","Not reviewed","Official statistics and media provided by the Professional Women's Hockey League and HockeyTech.",""
"NY","Kaley Doyle","G","10156","3039","9367","1","278","Kaley Doyle","G","39","2001-03-23","L","5-5","Livonia, MI","https://assets.leaguestat.com/pwhl/240x240/278.jpg","https://lscluster.hockeytech.com/feed/index.php?feed=modulekit&view=player&category=media&player_id=278&key=446521baf8c38984&client_code=pwhl","https://lscluster.hockeytech.com/feed/index.php?feed=modulekit&view=player&category=profile&player_id=278&key=446521baf8c38984&client_code=pwhl","https://lscluster.hockeytech.com/feed/index.php?feed=modulekit&view=player&category=seasonstats&player_id=278&key=446521baf8c38984&client_code=pwhl","league-roster-normalized-name","Source mapped","Not reviewed","Official statistics and media provided by the Professional Women's Hockey League and HockeyTech.",""
"NY","Kayla Vespa","F","11384","3733","10618","1","45","Kayla Vespa","F","81","1997-04-01","L","5-2""","Hamilton, ON","https://assets.leaguestat.com/pwhl/240x240/45.jpg","https://lscluster.hockeytech.com/feed/index.php?feed=modulekit&view=player&category=media&player_id=45&key=446521baf8c38984&client_code=pwhl","https://lscluster.hockeytech.com/feed/index.php?feed=modulekit&view=player&category=profile&player_id=45&key=446521baf8c38984&client_code=pwhl","https://lscluster.hockeytech.com/feed/index.php?feed=modulekit&view=player&category=seasonstats&player_id=45&key=446521baf8c38984&client_code=pwhl","league-roster-normalized-name","Source mapped","Not reviewed","Official statistics and media provided by the Professional Women's Hockey League and HockeyTech.",""
"NY","Kayle Osborne","G","4610","1167","2500","1","228","Kayle Osborne","G","82","2002-02-28","","5-8""","Westport, ON ","https://assets.leaguestat.com/pwhl/240x240/228.jpg","https://lscluster.hockeytech.com/feed/index.php?feed=modulekit&view=player&category=media&player_id=228&key=446521baf8c38984&client_code=pwhl","https://lscluster.hockeytech.com/feed/index.php?feed=modulekit&view=player&category=profile&player_id=228&key=446521baf8c38984&client_code=pwhl","https://lscluster.hockeytech.com/feed/index.php?feed=modulekit&view=player&category=seasonstats&player_id=228&key=446521baf8c38984&client_code=pwhl","league-roster-normalized-name","Source mapped","Not reviewed","Official statistics and media provided by the Professional Women's Hockey League and HockeyTech.",""
"NY","Kristin O'Neill","F","11355","3706","10584","1","30","Kristin O'Neill","F","43","1998-03-30","L","5-4""","Oakville, ON","https://assets.leaguestat.com/pwhl/240x240/30.jpg","https://lscluster.hockeytech.com/feed/index.php?feed=modulekit&view=player&category=media&player_id=30&key=446521baf8c38984&client_code=pwhl","https://lscluster.hockeytech.com/feed/index.php?feed=modulekit&view=player&category=profile&player_id=30&key=446521baf8c38984&client_code=pwhl","https://lscluster.hockeytech.com/feed/index.php?feed=modulekit&view=player&category=seasonstats&player_id=30&key=446521baf8c38984&client_code=pwhl","league-roster-normalized-name","Source mapped","Not reviewed","Official statistics and media provided by the Professional Women's Hockey League and HockeyTech.",""
"NY","Kristýna Kaltounková","F","7910","2168","6937","1","245","Kristýna Kaltounková","F","98","2002-04-14","L","5-9","Vlašim, CZE","https://assets.leaguestat.com/pwhl/240x240/245.jpg","https://lscluster.hockeytech.com/feed/index.php?feed=modulekit&view=player&category=media&player_id=245&key=446521baf8c38984&client_code=pwhl","https://lscluster.hockeytech.com/feed/index.php?feed=modulekit&view=player&category=profile&player_id=245&key=446521baf8c38984&client_code=pwhl","https://lscluster.hockeytech.com/feed/index.php?feed=modulekit&view=player&category=seasonstats&player_id=245&key=446521baf8c38984&client_code=pwhl","league-roster-normalized-name","Source mapped","Not reviewed","Official statistics and media provided by the Professional Women's Hockey League and HockeyTech.",""
"NY","Lauren Bernard","D","6880","1861","5862","1","207","Lauren Bernard","D","16","2001-07-15","L","5-7","Madison, OH","https://assets.leaguestat.com/pwhl/240x240/207.jpg","https://lscluster.hockeytech.com/feed/index.php?feed=modulekit&view=player&category=media&player_id=207&key=446521baf8c38984&client_code=pwhl","https://lscluster.hockeytech.com/feed/index.php?feed=modulekit&view=player&category=profile&player_id=207&key=446521baf8c38984&client_code=pwhl","https://lscluster.hockeytech.com/feed/index.php?feed=modulekit&view=player&category=seasonstats&player_id=207&key=446521baf8c38984&client_code=pwhl","league-roster-normalized-name","Source mapped","Not reviewed","Official statistics and media provided by the Professional Women's Hockey League and HockeyTech.",""
"NY","Maddi Wheeler","F","7102","1933","6138","1","285","Maddi Wheeler","F","18","2002-10-10","L","5-4","Erinsville, ON","https://assets.leaguestat.com/pwhl/240x240/285.jpg","https://lscluster.hockeytech.com/feed/index.php?feed=modulekit&view=player&category=media&player_id=285&key=446521baf8c38984&client_code=pwhl","https://lscluster.hockeytech.com/feed/index.php?feed=modulekit&view=player&category=profile&player_id=285&key=446521baf8c38984&client_code=pwhl","https://lscluster.hockeytech.com/feed/index.php?feed=modulekit&view=player&category=seasonstats&player_id=285&key=446521baf8c38984&client_code=pwhl","league-roster-normalized-name","Source mapped","Not reviewed","Official statistics and media provided by the Professional Women's Hockey League and HockeyTech.",""
"NY","Maja Nylén Persson","D","7418","2028","6452","1","229","Maja Nylén Persson","D","8","2000-11-20","R","5-5""","Avesta, SWE","https://assets.leaguestat.com/pwhl/240x240/229.jpg","https://lscluster.hockeytech.com/feed/index.php?feed=modulekit&view=player&category=media&player_id=229&key=446521baf8c38984&client_code=pwhl","https://lscluster.hockeytech.com/feed/index.php?feed=modulekit&view=player&category=profile&player_id=229&key=446521baf8c38984&client_code=pwhl","https://lscluster.hockeytech.com/feed/index.php?feed=modulekit&view=player&category=seasonstats&player_id=229&key=446521baf8c38984&client_code=pwhl","league-roster-normalized-name","Source mapped","Not reviewed","Official statistics and media provided by the Professional Women's Hockey League and HockeyTech.",""
"NY","Micah Zandee-Hart","D","6797","1832","5778","1","47","Micah Zandee-Hart","D","28","1997-01-13","L","5-8","Saanichton, BC","https://assets.leaguestat.com/pwhl/240x240/47.jpg","https://lscluster.hockeytech.com/feed/index.php?feed=modulekit&view=player&category=media&player_id=47&key=446521baf8c38984&client_code=pwhl","https://lscluster.hockeytech.com/feed/index.php?feed=modulekit&view=player&category=profile&player_id=47&key=446521baf8c38984&client_code=pwhl","https://lscluster.hockeytech.com/feed/index.php?feed=modulekit&view=player&category=seasonstats&player_id=47&key=446521baf8c38984&client_code=pwhl","league-roster-normalized-name","Source mapped","Not reviewed","Official statistics and media provided by the Professional Women's Hockey League and HockeyTech.",""
"NY","Nicole Vallario","D","13017","5019","12314","0","283","Nicole Vallario","D","11","2001-08-30","L","5-4","Lugano, SWI","https://assets.leaguestat.com/pwhl/240x240/283.jpg","https://lscluster.hockeytech.com/feed/index.php?feed=modulekit&view=player&category=media&player_id=283&key=446521baf8c38984&client_code=pwhl","https://lscluster.hockeytech.com/feed/index.php?feed=modulekit&view=player&category=profile&player_id=283&key=446521baf8c38984&client_code=pwhl","https://lscluster.hockeytech.com/feed/index.php?feed=modulekit&view=player&category=seasonstats&player_id=283&key=446521baf8c38984&client_code=pwhl","league-roster-normalized-name","Source mapped","Not reviewed","Official statistics and media provided by the Professional Women's Hockey League and HockeyTech.",""
"NY","Paetyn Levis","F","7994","2185","7021","1","40","Paetyn Levis","F","19","1999-11-06","R","5-5""","Rogers, MN","https://assets.leaguestat.com/pwhl/240x240/40.jpg","https://lscluster.hockeytech.com/feed/index.php?feed=modulekit&view=player&category=media&player_id=40&key=446521baf8c38984&client_code=pwhl","https://lscluster.hockeytech.com/feed/index.php?feed=modulekit&view=player&category=profile&player_id=40&key=446521baf8c38984&client_code=pwhl","https://lscluster.hockeytech.com/feed/index.php?feed=modulekit&view=player&category=seasonstats&player_id=40&key=446521baf8c38984&client_code=pwhl","league-roster-normalized-name","Source mapped","Not reviewed","Official statistics and media provided by the Professional Women's Hockey League and HockeyTech.",""
"NY","Sarah Fillier","F","6433","1668","505","1","205","Sarah Fillier","F","10","2000-06-09","R","5-5","Georgetown, ON","https://assets.leaguestat.com/pwhl/240x240/205.jpg","https://lscluster.hockeytech.com/feed/index.php?feed=modulekit&view=player&category=media&player_id=205&key=446521baf8c38984&client_code=pwhl","https://lscluster.hockeytech.com/feed/index.php?feed=modulekit&view=player&category=profile&player_id=205&key=446521baf8c38984&client_code=pwhl","https://lscluster.hockeytech.com/feed/index.php?feed=modulekit&view=player&category=seasonstats&player_id=205&key=446521baf8c38984&client_code=pwhl","league-roster-normalized-name","Source mapped","Not reviewed","Official statistics and media provided by the Professional Women's Hockey League and HockeyTech.",""
"NY","Savannah Norcross","F","8294","2225","7172","1","147","Savannah Norcross","F","7","2000-06-10","R","5-7","Lynn, MA","https://assets.leaguestat.com/pwhl/240x240/147.jpg","https://lscluster.hockeytech.com/feed/index.php?feed=modulekit&view=player&category=media&player_id=147&key=446521baf8c38984&client_code=pwhl","https://lscluster.hockeytech.com/feed/index.php?feed=modulekit&view=player&category=profile&player_id=147&key=446521baf8c38984&client_code=pwhl","https://lscluster.hockeytech.com/feed/index.php?feed=modulekit&view=player&category=seasonstats&player_id=147&key=446521baf8c38984&client_code=pwhl","league-roster-normalized-name","Source mapped","Not reviewed","Official statistics and media provided by the Professional Women's Hockey League and HockeyTech.",""
"NY","Taylor Girard","F","6465","1682","610","1","9","Taylor Girard","F","17","1998-07-17","L","5-10","Macomb, MI","https://assets.leaguestat.com/pwhl/240x240/9.jpg","https://lscluster.hockeytech.com/feed/index.php?feed=modulekit&view=player&category=media&player_id=9&key=446521baf8c38984&client_code=pwhl","https://lscluster.hockeytech.com/feed/index.php?feed=modulekit&view=player&category=profile&player_id=9&key=446521baf8c38984&client_code=pwhl","https://lscluster.hockeytech.com/feed/index.php?feed=modulekit&view=player&category=seasonstats&player_id=9&key=446521baf8c38984&client_code=pwhl","league-roster-normalized-name","Source mapped","Not reviewed","Official statistics and media provided by the Professional Women's Hockey League and HockeyTech.",""
"OTT","Alexa Vasko","F","9893","2921","9104","1","101","Alexa Vasko","F","10","1999-02-07","L","5-5","St. Catharines, ON","https://assets.leaguestat.com/pwhl/240x240/101.jpg","https://lscluster.hockeytech.com/feed/index.php?feed=modulekit&view=player&category=media&player_id=101&key=446521baf8c38984&client_code=pwhl","https://lscluster.hockeytech.com/feed/index.php?feed=modulekit&view=player&category=profile&player_id=101&key=446521baf8c38984&client_code=pwhl","https://lscluster.hockeytech.com/feed/index.php?feed=modulekit&view=player&category=seasonstats&player_id=101&key=446521baf8c38984&client_code=pwhl","league-roster-normalized-name","Source mapped","Not reviewed","Official statistics and media provided by the Professional Women's Hockey League and HockeyTech.",""
"OTT","Anna Meixner","F","8752","2394","7626","1","221","Anna Meixner","F","94","1994-06-16","L","5-3","Zell Am See, AUT","https://assets.leaguestat.com/pwhl/240x240/221.jpg","https://lscluster.hockeytech.com/feed/index.php?feed=modulekit&view=player&category=media&player_id=221&key=446521baf8c38984&client_code=pwhl","https://lscluster.hockeytech.com/feed/index.php?feed=modulekit&view=player&category=profile&player_id=221&key=446521baf8c38984&client_code=pwhl","https://lscluster.hockeytech.com/feed/index.php?feed=modulekit&view=player&category=seasonstats&player_id=221&key=446521baf8c38984&client_code=pwhl","league-roster-normalized-name","Source mapped","Not reviewed","Official statistics and media provided by the Professional Women's Hockey League and HockeyTech.",""
"OTT","Anna Shokhina","F","9582","2738","8793","1","239","Anna Shokhina","F","97","1997-06-23","L","5-6","Novosinkovo, RUS","https://assets.leaguestat.com/pwhl/240x240/239.jpg","https://lscluster.hockeytech.com/feed/index.php?feed=modulekit&view=player&category=media&player_id=239&key=446521baf8c38984&client_code=pwhl","https://lscluster.hockeytech.com/feed/index.php?feed=modulekit&view=player&category=profile&player_id=239&key=446521baf8c38984&client_code=pwhl","https://lscluster.hockeytech.com/feed/index.php?feed=modulekit&view=player&category=seasonstats&player_id=239&key=446521baf8c38984&client_code=pwhl","league-roster-normalized-name","Source mapped","Not reviewed","Official statistics and media provided by the Professional Women's Hockey League and HockeyTech.",""
"OTT","Brianne Jenner","F","7577","2076","6608","1","58","Brianne Jenner","F","19","1991-05-04","R","5-9","Oakville, ON","https://assets.leaguestat.com/pwhl/240x240/58.jpg","https://lscluster.hockeytech.com/feed/index.php?feed=modulekit&view=player&category=media&player_id=58&key=446521baf8c38984&client_code=pwhl","https://lscluster.hockeytech.com/feed/index.php?feed=modulekit&view=player&category=profile&player_id=58&key=446521baf8c38984&client_code=pwhl","https://lscluster.hockeytech.com/feed/index.php?feed=modulekit&view=player&category=seasonstats&player_id=58&key=446521baf8c38984&client_code=pwhl","league-roster-normalized-name","Source mapped","Not reviewed","Official statistics and media provided by the Professional Women's Hockey League and HockeyTech.",""
"OTT","Brooke Hobson","D","7113","1938","6149","1","38","Brooke Hobson","D","11","1999-05-27","L","5-6","Prince Albert, SK","https://assets.leaguestat.com/pwhl/240x240/38.jpg","https://lscluster.hockeytech.com/feed/index.php?feed=modulekit&view=player&category=media&player_id=38&key=446521baf8c38984&client_code=pwhl","https://lscluster.hockeytech.com/feed/index.php?feed=modulekit&view=player&category=profile&player_id=38&key=446521baf8c38984&client_code=pwhl","https://lscluster.hockeytech.com/feed/index.php?feed=modulekit&view=player&category=seasonstats&player_id=38&key=446521baf8c38984&client_code=pwhl","league-roster-normalized-name","Source mapped","Not reviewed","Official statistics and media provided by the Professional Women's Hockey League and HockeyTech.",""
"OTT","Emily Clark","F","6838","1848","5820","1","53","Emily Clark","F","26","1995-11-28","L","5-7","Saskatoon, SK","https://assets.leaguestat.com/pwhl/240x240/53.jpg","https://lscluster.hockeytech.com/feed/index.php?feed=modulekit&view=player&category=media&player_id=53&key=446521baf8c38984&client_code=pwhl","https://lscluster.hockeytech.com/feed/index.php?feed=modulekit&view=player&category=profile&player_id=53&key=446521baf8c38984&client_code=pwhl","https://lscluster.hockeytech.com/feed/index.php?feed=modulekit&view=player&category=seasonstats&player_id=53&key=446521baf8c38984&client_code=pwhl","league-roster-normalized-name","Source mapped","Not reviewed","Official statistics and media provided by the Professional Women's Hockey League and HockeyTech.",""
"OTT","Fanuza Kadirova","F","7699","2120","6726","1","240","Fanuza Kadirova","F","71","1998-04-06","L","5-4","Kukmor, RUS","https://assets.leaguestat.com/pwhl/240x240/240.jpg","https://lscluster.hockeytech.com/feed/index.php?feed=modulekit&view=player&category=media&player_id=240&key=446521baf8c38984&client_code=pwhl","https://lscluster.hockeytech.com/feed/index.php?feed=modulekit&view=player&category=profile&player_id=240&key=446521baf8c38984&client_code=pwhl","https://lscluster.hockeytech.com/feed/index.php?feed=modulekit&view=player&category=seasonstats&player_id=240&key=446521baf8c38984&client_code=pwhl","league-roster-normalized-name","Source mapped","Not reviewed","Official statistics and media provided by the Professional Women's Hockey League and HockeyTech.",""
"OTT","Gabbie Hughes","F","7451","2042","6485","1","57","Gabbie Hughes","F","17","1999-10-04","L","5-9","Lino Lakes, MN","https://assets.leaguestat.com/pwhl/240x240/57.jpg","https://lscluster.hockeytech.com/feed/index.php?feed=modulekit&view=player&category=media&player_id=57&key=446521baf8c38984&client_code=pwhl","https://lscluster.hockeytech.com/feed/index.php?feed=modulekit&view=player&category=profile&player_id=57&key=446521baf8c38984&client_code=pwhl","https://lscluster.hockeytech.com/feed/index.php?feed=modulekit&view=player&category=seasonstats&player_id=57&key=446521baf8c38984&client_code=pwhl","league-roster-normalized-name","Source mapped","Not reviewed","Official statistics and media provided by the Professional Women's Hockey League and HockeyTech.",""
"OTT","Gwyneth Philips","G","8461","2289","7335","1","222","Gwyneth Philips","G","33","2000-09-17","","5-7","Athens, OH","https://assets.leaguestat.com/pwhl/240x240/222.jpg","https://lscluster.hockeytech.com/feed/index.php?feed=modulekit&view=player&category=media&player_id=222&key=446521baf8c38984&client_code=pwhl","https://lscluster.hockeytech.com/feed/index.php?feed=modulekit&view=player&category=profile&player_id=222&key=446521baf8c38984&client_code=pwhl","https://lscluster.hockeytech.com/feed/index.php?feed=modulekit&view=player&category=seasonstats&player_id=222&key=446521baf8c38984&client_code=pwhl","league-roster-normalized-name","Source mapped","Not reviewed","Official statistics and media provided by the Professional Women's Hockey League and HockeyTech.",""
"OTT","Jocelyne Larocque","D","10084","3013","9295","1","71","Jocelyne Larocque","D","3","1988-05-19","L","5-5","Ste. Anne, MB","https://assets.leaguestat.com/pwhl/240x240/71.jpg","https://lscluster.hockeytech.com/feed/index.php?feed=modulekit&view=player&category=media&player_id=71&key=446521baf8c38984&client_code=pwhl","https://lscluster.hockeytech.com/feed/index.php?feed=modulekit&view=player&category=profile&player_id=71&key=446521baf8c38984&client_code=pwhl","https://lscluster.hockeytech.com/feed/index.php?feed=modulekit&view=player&category=seasonstats&player_id=71&key=446521baf8c38984&client_code=pwhl","league-roster-normalized-name","Source mapped","Not reviewed","Official statistics and media provided by the Professional Women's Hockey League and HockeyTech.",""
"OTT","Kateřina Mrázová","F","8944","2470","7820","1","88","Kateřina Mrázová","F","16","1992-10-19","L","5-4","Kolín, CZE","https://assets.leaguestat.com/pwhl/240x240/88.jpg","https://lscluster.hockeytech.com/feed/index.php?feed=modulekit&view=player&category=media&player_id=88&key=446521baf8c38984&client_code=pwhl","https://lscluster.hockeytech.com/feed/index.php?feed=modulekit&view=player&category=profile&player_id=88&key=446521baf8c38984&client_code=pwhl","https://lscluster.hockeytech.com/feed/index.php?feed=modulekit&view=player&category=seasonstats&player_id=88&key=446521baf8c38984&client_code=pwhl","league-roster-normalized-name","Source mapped","Not reviewed","Official statistics and media provided by the Professional Women's Hockey League and HockeyTech.",""
"OTT","Kathryn Reilly","D","11325","3679","10554","1","289","Kathryn Reilly","D","8","2001-01-17","R","5-7","Richmond, BC","https://assets.leaguestat.com/pwhl/240x240/289.jpg","https://lscluster.hockeytech.com/feed/index.php?feed=modulekit&view=player&category=media&player_id=289&key=446521baf8c38984&client_code=pwhl","https://lscluster.hockeytech.com/feed/index.php?feed=modulekit&view=player&category=profile&player_id=289&key=446521baf8c38984&client_code=pwhl","https://lscluster.hockeytech.com/feed/index.php?feed=modulekit&view=player&category=seasonstats&player_id=289&key=446521baf8c38984&client_code=pwhl","league-roster-normalized-name","Source mapped","Not reviewed","Official statistics and media provided by the Professional Women's Hockey League and HockeyTech.",""
"OTT","Kendra Woodland","G","9977","2957","9188","1","290","Kendra Woodland","G","70","2000-02-18","L","5-8","Kamloops, BC","https://assets.leaguestat.com/pwhl/240x240/290.jpg","https://lscluster.hockeytech.com/feed/index.php?feed=modulekit&view=player&category=media&player_id=290&key=446521baf8c38984&client_code=pwhl","https://lscluster.hockeytech.com/feed/index.php?feed=modulekit&view=player&category=profile&player_id=290&key=446521baf8c38984&client_code=pwhl","https://lscluster.hockeytech.com/feed/index.php?feed=modulekit&view=player&category=seasonstats&player_id=290&key=446521baf8c38984&client_code=pwhl","league-roster-normalized-name","Source mapped","Not reviewed","Official statistics and media provided by the Professional Women's Hockey League and HockeyTech.",""
"OTT","Mannon McMahon","F","8661","2365","7535","1","220","Mannon McMahon","F","19","2001-07-29","R","5-7","Maple Grove, MN","https://assets.leaguestat.com/pwhl/240x240/220.jpg","https://lscluster.hockeytech.com/feed/index.php?feed=modulekit&view=player&category=media&player_id=220&key=446521baf8c38984&client_code=pwhl","https://lscluster.hockeytech.com/feed/index.php?feed=modulekit&view=player&category=profile&player_id=220&key=446521baf8c38984&client_code=pwhl","https://lscluster.hockeytech.com/feed/index.php?feed=modulekit&view=player&category=seasonstats&player_id=220&key=446521baf8c38984&client_code=pwhl","league-roster-normalized-name","Source mapped","Not reviewed","Official statistics and media provided by the Professional Women's Hockey League and HockeyTech.",""
"OTT","Peyton Hemp","F","6933","1876","5968","1","286","Peyton Hemp","F","29","2003-05-15","R","5-5","Andover, MN","https://assets.leaguestat.com/pwhl/240x240/286.jpg","https://lscluster.hockeytech.com/feed/index.php?feed=modulekit&view=player&category=media&player_id=286&key=446521baf8c38984&client_code=pwhl","https://lscluster.hockeytech.com/feed/index.php?feed=modulekit&view=player&category=profile&player_id=286&key=446521baf8c38984&client_code=pwhl","https://lscluster.hockeytech.com/feed/index.php?feed=modulekit&view=player&category=seasonstats&player_id=286&key=446521baf8c38984&client_code=pwhl","league-roster-normalized-name","Source mapped","Not reviewed","Official statistics and media provided by the Professional Women's Hockey League and HockeyTech.",""
"OTT","Rebecca Leslie","F","7887","2161","6914","1","72","Rebecca Leslie","F","37","1996-05-08","R","5-6","Ottawa, ON","https://assets.leaguestat.com/pwhl/240x240/72.jpg","https://lscluster.hockeytech.com/feed/index.php?feed=modulekit&view=player&category=media&player_id=72&key=446521baf8c38984&client_code=pwhl","https://lscluster.hockeytech.com/feed/index.php?feed=modulekit&view=player&category=profile&player_id=72&key=446521baf8c38984&client_code=pwhl","https://lscluster.hockeytech.com/feed/index.php?feed=modulekit&view=player&category=seasonstats&player_id=72&key=446521baf8c38984&client_code=pwhl","league-roster-normalized-name","Source mapped","Not reviewed","Official statistics and media provided by the Professional Women's Hockey League and HockeyTech.",""
"OTT","Ronja Savolainen","D","6901","1867","5883","1","223","Ronja Savolainen","D","88","1997-11-29","L","5-10","Helsinki, FIN","https://assets.leaguestat.com/pwhl/240x240/223.jpg","https://lscluster.hockeytech.com/feed/index.php?feed=modulekit&view=player&category=media&player_id=223&key=446521baf8c38984&client_code=pwhl","https://lscluster.hockeytech.com/feed/index.php?feed=modulekit&view=player&category=profile&player_id=223&key=446521baf8c38984&client_code=pwhl","https://lscluster.hockeytech.com/feed/index.php?feed=modulekit&view=player&category=seasonstats&player_id=223&key=446521baf8c38984&client_code=pwhl","league-roster-normalized-name","Source mapped","Not reviewed","Official statistics and media provided by the Professional Women's Hockey League and HockeyTech.",""
"OTT","Rory Guilday","D","4268","1063","2160","1","242","Rory Guilday","D","5","2002-09-07","L","5-11","Chanhassen, MN","https://assets.leaguestat.com/pwhl/240x240/242.jpg","https://lscluster.hockeytech.com/feed/index.php?feed=modulekit&view=player&category=media&player_id=242&key=446521baf8c38984&client_code=pwhl","https://lscluster.hockeytech.com/feed/index.php?feed=modulekit&view=player&category=profile&player_id=242&key=446521baf8c38984&client_code=pwhl","https://lscluster.hockeytech.com/feed/index.php?feed=modulekit&view=player&category=seasonstats&player_id=242&key=446521baf8c38984&client_code=pwhl","league-roster-normalized-name","Source mapped","Not reviewed","Official statistics and media provided by the Professional Women's Hockey League and HockeyTech.",""
"OTT","Sam Isbell","D","7300","1987","6335","1","108","Samantha Isbell","F","5","1998-02-17","L","5-7","Thunder Bay, ON","https://assets.leaguestat.com/pwhl/240x240/108.jpg","https://lscluster.hockeytech.com/feed/index.php?feed=modulekit&view=player&category=media&player_id=108&key=446521baf8c38984&client_code=pwhl","https://lscluster.hockeytech.com/feed/index.php?feed=modulekit&view=player&category=profile&player_id=108&key=446521baf8c38984&client_code=pwhl","https://lscluster.hockeytech.com/feed/index.php?feed=modulekit&view=player&category=seasonstats&player_id=108&key=446521baf8c38984&client_code=pwhl","curated-alias","Source mapped","Not reviewed","Official statistics and media provided by the Professional Women's Hockey League and HockeyTech.",""
"OTT","Sanni Ahola","G","7140","1943","6176","1","238","Sanni Ahola","G","1","2000-06-03","","5-7","Helsinki, FIN","https://assets.leaguestat.com/pwhl/240x240/238.jpg","https://lscluster.hockeytech.com/feed/index.php?feed=modulekit&view=player&category=media&player_id=238&key=446521baf8c38984&client_code=pwhl","https://lscluster.hockeytech.com/feed/index.php?feed=modulekit&view=player&category=profile&player_id=238&key=446521baf8c38984&client_code=pwhl","https://lscluster.hockeytech.com/feed/index.php?feed=modulekit&view=player&category=seasonstats&player_id=238&key=446521baf8c38984&client_code=pwhl","league-roster-normalized-name","Source mapped","Not reviewed","Official statistics and media provided by the Professional Women's Hockey League and HockeyTech.",""
"OTT","Sarah Wozniewicz","F","7452","2043","6486","1","241","Sarah Wozniewicz","F","23","2003-08-25","R","5-7","Cochrane, AB","https://assets.leaguestat.com/pwhl/240x240/241.jpg","https://lscluster.hockeytech.com/feed/index.php?feed=modulekit&view=player&category=media&player_id=241&key=446521baf8c38984&client_code=pwhl","https://lscluster.hockeytech.com/feed/index.php?feed=modulekit&view=player&category=profile&player_id=241&key=446521baf8c38984&client_code=pwhl","https://lscluster.hockeytech.com/feed/index.php?feed=modulekit&view=player&category=seasonstats&player_id=241&key=446521baf8c38984&client_code=pwhl","league-roster-normalized-name","Source mapped","Not reviewed","Official statistics and media provided by the Professional Women's Hockey League and HockeyTech.",""
"OTT","Stephanie Markowski","D","10468","3195","9679","1","219","Stephanie Markowski","D","6","2001-08-24","L","5-8","Edmonton, AB","https://assets.leaguestat.com/pwhl/240x240/219.jpg","https://lscluster.hockeytech.com/feed/index.php?feed=modulekit&view=player&category=media&player_id=219&key=446521baf8c38984&client_code=pwhl","https://lscluster.hockeytech.com/feed/index.php?feed=modulekit&view=player&category=profile&player_id=219&key=446521baf8c38984&client_code=pwhl","https://lscluster.hockeytech.com/feed/index.php?feed=modulekit&view=player&category=seasonstats&player_id=219&key=446521baf8c38984&client_code=pwhl","league-roster-normalized-name","Source mapped","Not reviewed","Official statistics and media provided by the Professional Women's Hockey League and HockeyTech.",""
"OTT","Taylor House","F","7222","1966","6258","1","217","Taylor House","F","22","1998-09-29","L","5-10","Joliet, IL","https://assets.leaguestat.com/pwhl/240x240/217.jpg","https://lscluster.hockeytech.com/feed/index.php?feed=modulekit&view=player&category=media&player_id=217&key=446521baf8c38984&client_code=pwhl","https://lscluster.hockeytech.com/feed/index.php?feed=modulekit&view=player&category=profile&player_id=217&key=446521baf8c38984&client_code=pwhl","https://lscluster.hockeytech.com/feed/index.php?feed=modulekit&view=player&category=seasonstats&player_id=217&key=446521baf8c38984&client_code=pwhl","league-roster-normalized-name","Source mapped","Not reviewed","Official statistics and media provided by the Professional Women's Hockey League and HockeyTech.",""
"SEA","Alex Carpenter","F","7428","2032","6462","1","34","Alex Carpenter","F","25","1994-04-13","L","5-7""","North Reading, MA","https://assets.leaguestat.com/pwhl/240x240/34.jpg","https://lscluster.hockeytech.com/feed/index.php?feed=modulekit&view=player&category=media&player_id=34&key=446521baf8c38984&client_code=pwhl","https://lscluster.hockeytech.com/feed/index.php?feed=modulekit&view=player&category=profile&player_id=34&key=446521baf8c38984&client_code=pwhl","https://lscluster.hockeytech.com/feed/index.php?feed=modulekit&view=player&category=seasonstats&player_id=34&key=446521baf8c38984&client_code=pwhl","league-roster-normalized-name","Source mapped","Not reviewed","Official statistics and media provided by the Professional Women's Hockey League and HockeyTech.",""
"SEA","Aneta Tejralová","D","13223","5193","12522","0","62","Aneta Tejralová","D","2","1996-01-04","L","5-5","Prague, CZE","https://assets.leaguestat.com/pwhl/240x240/62.jpg","https://lscluster.hockeytech.com/feed/index.php?feed=modulekit&view=player&category=media&player_id=62&key=446521baf8c38984&client_code=pwhl","https://lscluster.hockeytech.com/feed/index.php?feed=modulekit&view=player&category=profile&player_id=62&key=446521baf8c38984&client_code=pwhl","https://lscluster.hockeytech.com/feed/index.php?feed=modulekit&view=player&category=seasonstats&player_id=62&key=446521baf8c38984&client_code=pwhl","league-roster-normalized-name","Source mapped","Not reviewed","Official statistics and media provided by the Professional Women's Hockey League and HockeyTech.",""
"SEA","Anna Wilgren","D","3952","1002","2026","1","203","Anna Wilgren","D","5","1999-11-10","L","5-8""","Hudson, WI","https://assets.leaguestat.com/pwhl/240x240/203.jpg","https://lscluster.hockeytech.com/feed/index.php?feed=modulekit&view=player&category=media&player_id=203&key=446521baf8c38984&client_code=pwhl","https://lscluster.hockeytech.com/feed/index.php?feed=modulekit&view=player&category=profile&player_id=203&key=446521baf8c38984&client_code=pwhl","https://lscluster.hockeytech.com/feed/index.php?feed=modulekit&view=player&category=seasonstats&player_id=203&key=446521baf8c38984&client_code=pwhl","league-roster-normalized-name","Source mapped","Not reviewed","Official statistics and media provided by the Professional Women's Hockey League and HockeyTech.",""
"SEA","Brooke Bryant","F","5979","1480","5622","1","91","Brooke Bryant","F","17","2000-08-22","R","5-6","Linden, CA","https://assets.leaguestat.com/pwhl/240x240/91.jpg","https://lscluster.hockeytech.com/feed/index.php?feed=modulekit&view=player&category=media&player_id=91&key=446521baf8c38984&client_code=pwhl","https://lscluster.hockeytech.com/feed/index.php?feed=modulekit&view=player&category=profile&player_id=91&key=446521baf8c38984&client_code=pwhl","https://lscluster.hockeytech.com/feed/index.php?feed=modulekit&view=player&category=seasonstats&player_id=91&key=446521baf8c38984&client_code=pwhl","league-roster-normalized-name","Source mapped","Not reviewed","Official statistics and media provided by the Professional Women's Hockey League and HockeyTech.",""
"SEA","Carly Jackson","G","7595","2087","6626","1","134","Carly Jackson","G","70","1997-06-23","R","5-5""","Amherst, NS","https://assets.leaguestat.com/pwhl/240x240/134.jpg","https://lscluster.hockeytech.com/feed/index.php?feed=modulekit&view=player&category=media&player_id=134&key=446521baf8c38984&client_code=pwhl","https://lscluster.hockeytech.com/feed/index.php?feed=modulekit&view=player&category=profile&player_id=134&key=446521baf8c38984&client_code=pwhl","https://lscluster.hockeytech.com/feed/index.php?feed=modulekit&view=player&category=seasonstats&player_id=134&key=446521baf8c38984&client_code=pwhl","league-roster-normalized-name","Source mapped","Not reviewed","Official statistics and media provided by the Professional Women's Hockey League and HockeyTech.",""
"SEA","Cayla Barnes","D","55","33","1345","1","196","Cayla Barnes","D","3","1999-01-07","R","5-2""","Eastvale, CA","https://assets.leaguestat.com/pwhl/240x240/196.jpg","https://lscluster.hockeytech.com/feed/index.php?feed=modulekit&view=player&category=media&player_id=196&key=446521baf8c38984&client_code=pwhl","https://lscluster.hockeytech.com/feed/index.php?feed=modulekit&view=player&category=profile&player_id=196&key=446521baf8c38984&client_code=pwhl","https://lscluster.hockeytech.com/feed/index.php?feed=modulekit&view=player&category=seasonstats&player_id=196&key=446521baf8c38984&client_code=pwhl","league-roster-normalized-name","Source mapped","Not reviewed","Official statistics and media provided by the Professional Women's Hockey League and HockeyTech.",""
"SEA","Corinne Schroeder","G","9490","2685","8700","1","155","Corinne Schroeder","G","30","1999-08-17","R","5-11""","Elm Creek, MB","https://assets.leaguestat.com/pwhl/240x240/155.jpg","https://lscluster.hockeytech.com/feed/index.php?feed=modulekit&view=player&category=media&player_id=155&key=446521baf8c38984&client_code=pwhl","https://lscluster.hockeytech.com/feed/index.php?feed=modulekit&view=player&category=profile&player_id=155&key=446521baf8c38984&client_code=pwhl","https://lscluster.hockeytech.com/feed/index.php?feed=modulekit&view=player&category=seasonstats&player_id=155&key=446521baf8c38984&client_code=pwhl","league-roster-normalized-name","Source mapped","Not reviewed","Official statistics and media provided by the Professional Women's Hockey League and HockeyTech.",""
"SEA","Danielle Serdachny","F","13032","5031","12329","0","224","Danielle Serdachny","F","92","2001-05-12","R","5-9""","Edmonton, AB","https://assets.leaguestat.com/pwhl/240x240/224.jpg","https://lscluster.hockeytech.com/feed/index.php?feed=modulekit&view=player&category=media&player_id=224&key=446521baf8c38984&client_code=pwhl","https://lscluster.hockeytech.com/feed/index.php?feed=modulekit&view=player&category=profile&player_id=224&key=446521baf8c38984&client_code=pwhl","https://lscluster.hockeytech.com/feed/index.php?feed=modulekit&view=player&category=seasonstats&player_id=224&key=446521baf8c38984&client_code=pwhl","league-roster-normalized-name","Source mapped","Not reviewed","Official statistics and media provided by the Professional Women's Hockey League and HockeyTech.",""
"SEA","Emily Brown","D","6734","1814","5135","1","2","Emily Brown","D","11","1998-12-30","L","5-7","Blaine, MN","https://assets.leaguestat.com/pwhl/240x240/2.jpg","https://lscluster.hockeytech.com/feed/index.php?feed=modulekit&view=player&category=media&player_id=2&key=446521baf8c38984&client_code=pwhl","https://lscluster.hockeytech.com/feed/index.php?feed=modulekit&view=player&category=profile&player_id=2&key=446521baf8c38984&client_code=pwhl","https://lscluster.hockeytech.com/feed/index.php?feed=modulekit&view=player&category=seasonstats&player_id=2&key=446521baf8c38984&client_code=pwhl","league-roster-normalized-name","Source mapped","Not reviewed","Official statistics and media provided by the Professional Women's Hockey League and HockeyTech.",""
"SEA","Hannah Bilka","F","4352","1100","2245","1","181","Hannah Bilka","F","19","2001-03-24","L","5-5","Coppell, TX","https://assets.leaguestat.com/pwhl/240x240/181.jpg","https://lscluster.hockeytech.com/feed/index.php?feed=modulekit&view=player&category=media&player_id=181&key=446521baf8c38984&client_code=pwhl","https://lscluster.hockeytech.com/feed/index.php?feed=modulekit&view=player&category=profile&player_id=181&key=446521baf8c38984&client_code=pwhl","https://lscluster.hockeytech.com/feed/index.php?feed=modulekit&view=player&category=seasonstats&player_id=181&key=446521baf8c38984&client_code=pwhl","league-roster-normalized-name","Source mapped","Not reviewed","Official statistics and media provided by the Professional Women's Hockey League and HockeyTech.",""
"SEA","Hannah Murphy","G","7928","2174","6955","1","250","Hannah Murphy","G","83","2003-08-03","R","5-10","Kingston, ON","https://assets.leaguestat.com/pwhl/240x240/250.jpg","https://lscluster.hockeytech.com/feed/index.php?feed=modulekit&view=player&category=media&player_id=250&key=446521baf8c38984&client_code=pwhl","https://lscluster.hockeytech.com/feed/index.php?feed=modulekit&view=player&category=profile&player_id=250&key=446521baf8c38984&client_code=pwhl","https://lscluster.hockeytech.com/feed/index.php?feed=modulekit&view=player&category=seasonstats&player_id=250&key=446521baf8c38984&client_code=pwhl","league-roster-normalized-name","Source mapped","Not reviewed","Official statistics and media provided by the Professional Women's Hockey League and HockeyTech.",""
"SEA","Hilary Knight","F","10177","3046","9388","1","13","Hilary Knight","RW","21","1989-07-12","R","5-11","Sun Valley, ID","https://assets.leaguestat.com/pwhl/240x240/13.jpg","https://lscluster.hockeytech.com/feed/index.php?feed=modulekit&view=player&category=media&player_id=13&key=446521baf8c38984&client_code=pwhl","https://lscluster.hockeytech.com/feed/index.php?feed=modulekit&view=player&category=profile&player_id=13&key=446521baf8c38984&client_code=pwhl","https://lscluster.hockeytech.com/feed/index.php?feed=modulekit&view=player&category=seasonstats&player_id=13&key=446521baf8c38984&client_code=pwhl","stable-player-id-fallback","Source mapped","Not reviewed","Official statistics and media provided by the Professional Women's Hockey League and HockeyTech.",""
"SEA","Jenna Buglioni","F","7356","2004","6391","1","237","Jenna Buglioni","F","10","2002-03-13","R","5-3","Port Moody, BC","https://assets.leaguestat.com/pwhl/240x240/237.jpg","https://lscluster.hockeytech.com/feed/index.php?feed=modulekit&view=player&category=media&player_id=237&key=446521baf8c38984&client_code=pwhl","https://lscluster.hockeytech.com/feed/index.php?feed=modulekit&view=player&category=profile&player_id=237&key=446521baf8c38984&client_code=pwhl","https://lscluster.hockeytech.com/feed/index.php?feed=modulekit&view=player&category=seasonstats&player_id=237&key=446521baf8c38984&client_code=pwhl","league-roster-normalized-name","Source mapped","Not reviewed","Official statistics and media provided by the Professional Women's Hockey League and HockeyTech.",""
"SEA","Jessie Eldridge","F","7583","2080","6614","1","36","Jessie Eldridge","F","18","1997-12-17","R","5-9""","Barrie, ON","https://assets.leaguestat.com/pwhl/240x240/36.jpg","https://lscluster.hockeytech.com/feed/index.php?feed=modulekit&view=player&category=media&player_id=36&key=446521baf8c38984&client_code=pwhl","https://lscluster.hockeytech.com/feed/index.php?feed=modulekit&view=player&category=profile&player_id=36&key=446521baf8c38984&client_code=pwhl","https://lscluster.hockeytech.com/feed/index.php?feed=modulekit&view=player&category=seasonstats&player_id=36&key=446521baf8c38984&client_code=pwhl","league-roster-normalized-name","Source mapped","Not reviewed","Official statistics and media provided by the Professional Women's Hockey League and HockeyTech.",""
"SEA","Julia Gosling","F","7608","2095","6639","1","210","Julia Gosling","F","88","2001-02-21","L","5-10""","London, ON","https://assets.leaguestat.com/pwhl/240x240/210.jpg","https://lscluster.hockeytech.com/feed/index.php?feed=modulekit&view=player&category=media&player_id=210&key=446521baf8c38984&client_code=pwhl","https://lscluster.hockeytech.com/feed/index.php?feed=modulekit&view=player&category=profile&player_id=210&key=446521baf8c38984&client_code=pwhl","https://lscluster.hockeytech.com/feed/index.php?feed=modulekit&view=player&category=seasonstats&player_id=210&key=446521baf8c38984&client_code=pwhl","league-roster-normalized-name","Source mapped","Not reviewed","Official statistics and media provided by the Professional Women's Hockey League and HockeyTech.",""
"SEA","Lexie Adzija","F","3337","789","1273","1","49","Lexie Adzija","F","78","2000-06-30","L","5-10","St. Thomas, ON","https://assets.leaguestat.com/pwhl/240x240/49.jpg","https://lscluster.hockeytech.com/feed/index.php?feed=modulekit&view=player&category=media&player_id=49&key=446521baf8c38984&client_code=pwhl","https://lscluster.hockeytech.com/feed/index.php?feed=modulekit&view=player&category=profile&player_id=49&key=446521baf8c38984&client_code=pwhl","https://lscluster.hockeytech.com/feed/index.php?feed=modulekit&view=player&category=seasonstats&player_id=49&key=446521baf8c38984&client_code=pwhl","league-roster-normalized-name","Source mapped","Not reviewed","Official statistics and media provided by the Professional Women's Hockey League and HockeyTech.",""
"SEA","Lily Delianedis","F","7576","2075","6607","1","291","Lily Delianedis","F","7","2001-10-07","L","","Edina, MN","https://assets.leaguestat.com/pwhl/240x240/291.jpg","https://lscluster.hockeytech.com/feed/index.php?feed=modulekit&view=player&category=media&player_id=291&key=446521baf8c38984&client_code=pwhl","https://lscluster.hockeytech.com/feed/index.php?feed=modulekit&view=player&category=profile&player_id=291&key=446521baf8c38984&client_code=pwhl","https://lscluster.hockeytech.com/feed/index.php?feed=modulekit&view=player&category=seasonstats&player_id=291&key=446521baf8c38984&client_code=pwhl","league-roster-normalized-name","Source mapped","Not reviewed","Official statistics and media provided by the Professional Women's Hockey League and HockeyTech.",""
"SEA","Lyndie Lobdell","D","12500","4524","11786","1","294","Lyndie Lobdell","D","24","2002-09-01","R","","Aurora, IL","https://assets.leaguestat.com/pwhl/240x240/294.jpg","https://lscluster.hockeytech.com/feed/index.php?feed=modulekit&view=player&category=media&player_id=294&key=446521baf8c38984&client_code=pwhl","https://lscluster.hockeytech.com/feed/index.php?feed=modulekit&view=player&category=profile&player_id=294&key=446521baf8c38984&client_code=pwhl","https://lscluster.hockeytech.com/feed/index.php?feed=modulekit&view=player&category=seasonstats&player_id=294&key=446521baf8c38984&client_code=pwhl","league-roster-normalized-name","Source mapped","Not reviewed","Official statistics and media provided by the Professional Women's Hockey League and HockeyTech.",""
"SEA","Marah Wagner","F","12069","4242","11347","0","295","Marah Wagner","F","66","2000-10-19","L","","Seattle, WA","https://assets.leaguestat.com/pwhl/240x240/295.jpg","https://lscluster.hockeytech.com/feed/index.php?feed=modulekit&view=player&category=media&player_id=295&key=446521baf8c38984&client_code=pwhl","https://lscluster.hockeytech.com/feed/index.php?feed=modulekit&view=player&category=profile&player_id=295&key=446521baf8c38984&client_code=pwhl","https://lscluster.hockeytech.com/feed/index.php?feed=modulekit&view=player&category=seasonstats&player_id=295&key=446521baf8c38984&client_code=pwhl","league-roster-normalized-name","Source mapped","Not reviewed","Official statistics and media provided by the Professional Women's Hockey League and HockeyTech.",""
"SEA","Mariah Keopple","D","9024","2505","7900","1","99","Mariah Keopple","D","20","2000-06-27","L","5-9","Menomonie, WI","https://assets.leaguestat.com/pwhl/240x240/99.jpg","https://lscluster.hockeytech.com/feed/index.php?feed=modulekit&view=player&category=media&player_id=99&key=446521baf8c38984&client_code=pwhl","https://lscluster.hockeytech.com/feed/index.php?feed=modulekit&view=player&category=profile&player_id=99&key=446521baf8c38984&client_code=pwhl","https://lscluster.hockeytech.com/feed/index.php?feed=modulekit&view=player&category=seasonstats&player_id=99&key=446521baf8c38984&client_code=pwhl","league-roster-normalized-name","Source mapped","Not reviewed","Official statistics and media provided by the Professional Women's Hockey League and HockeyTech.",""
"SEA","Megan Carter","D","8198","2201","7081","1","208","Megan Carter","D","27","2001-05-23","L","5-8","Milton, ON","https://assets.leaguestat.com/pwhl/240x240/208.jpg","https://lscluster.hockeytech.com/feed/index.php?feed=modulekit&view=player&category=media&player_id=208&key=446521baf8c38984&client_code=pwhl","https://lscluster.hockeytech.com/feed/index.php?feed=modulekit&view=player&category=profile&player_id=208&key=446521baf8c38984&client_code=pwhl","https://lscluster.hockeytech.com/feed/index.php?feed=modulekit&view=player&category=seasonstats&player_id=208&key=446521baf8c38984&client_code=pwhl","league-roster-normalized-name","Source mapped","Not reviewed","Official statistics and media provided by the Professional Women's Hockey League and HockeyTech.",""
"SEA","Mikyla Grant-Mentis","F","9554","2717","8765","1","138","Mikyla Grant-Mentis","F","13","1998-07-15","L","5-6","Brampton, ON","https://assets.leaguestat.com/pwhl/240x240/138.jpg","https://lscluster.hockeytech.com/feed/index.php?feed=modulekit&view=player&category=media&player_id=138&key=446521baf8c38984&client_code=pwhl","https://lscluster.hockeytech.com/feed/index.php?feed=modulekit&view=player&category=profile&player_id=138&key=446521baf8c38984&client_code=pwhl","https://lscluster.hockeytech.com/feed/index.php?feed=modulekit&view=player&category=seasonstats&player_id=138&key=446521baf8c38984&client_code=pwhl","league-roster-normalized-name","Source mapped","Not reviewed","Official statistics and media provided by the Professional Women's Hockey League and HockeyTech.",""
"SEA","Natalie Snodgrass","F","13033","5032","12330","0","142","Natalie Snodgrass","F","8","1998-12-17","L","5-6""","Eagan, MN","https://assets.leaguestat.com/pwhl/240x240/142.jpg","https://lscluster.hockeytech.com/feed/index.php?feed=modulekit&view=player&category=media&player_id=142&key=446521baf8c38984&client_code=pwhl","https://lscluster.hockeytech.com/feed/index.php?feed=modulekit&view=player&category=profile&player_id=142&key=446521baf8c38984&client_code=pwhl","https://lscluster.hockeytech.com/feed/index.php?feed=modulekit&view=player&category=seasonstats&player_id=142&key=446521baf8c38984&client_code=pwhl","league-roster-normalized-name","Source mapped","Not reviewed","Official statistics and media provided by the Professional Women's Hockey League and HockeyTech.",""
"TOR","Allie Munroe","D","11257","3643","10483","1","74","Allie Munroe","D","12","1997-04-20","L","5-6""","Yarmouth, NS","https://assets.leaguestat.com/pwhl/240x240/74.jpg","https://lscluster.hockeytech.com/feed/index.php?feed=modulekit&view=player&category=media&player_id=74&key=446521baf8c38984&client_code=pwhl","https://lscluster.hockeytech.com/feed/index.php?feed=modulekit&view=player&category=profile&player_id=74&key=446521baf8c38984&client_code=pwhl","https://lscluster.hockeytech.com/feed/index.php?feed=modulekit&view=player&category=seasonstats&player_id=74&key=446521baf8c38984&client_code=pwhl","league-roster-normalized-name","Source mapped","Not reviewed","Official statistics and media provided by the Professional Women's Hockey League and HockeyTech.",""
"TOR","Anna Kjellbin","D","7440","2037","6474","1","200","Anna Kjellbin","D","71","1994-03-16","R","5-7""","Göteberg, SWE","https://assets.leaguestat.com/pwhl/240x240/200.jpg","https://lscluster.hockeytech.com/feed/index.php?feed=modulekit&view=player&category=media&player_id=200&key=446521baf8c38984&client_code=pwhl","https://lscluster.hockeytech.com/feed/index.php?feed=modulekit&view=player&category=profile&player_id=200&key=446521baf8c38984&client_code=pwhl","https://lscluster.hockeytech.com/feed/index.php?feed=modulekit&view=player&category=seasonstats&player_id=200&key=446521baf8c38984&client_code=pwhl","league-roster-normalized-name","Source mapped","Not reviewed","Official statistics and media provided by the Professional Women's Hockey League and HockeyTech.",""
"TOR","Blayre Turnbull","F","9785","2853","8996","1","76","Blayre Turnbull","F","40","1993-07-15","R","5-7""","Stellarton, NS","https://assets.leaguestat.com/pwhl/240x240/76.jpg","https://lscluster.hockeytech.com/feed/index.php?feed=modulekit&view=player&category=media&player_id=76&key=446521baf8c38984&client_code=pwhl","https://lscluster.hockeytech.com/feed/index.php?feed=modulekit&view=player&category=profile&player_id=76&key=446521baf8c38984&client_code=pwhl","https://lscluster.hockeytech.com/feed/index.php?feed=modulekit&view=player&category=seasonstats&player_id=76&key=446521baf8c38984&client_code=pwhl","league-roster-normalized-name","Source mapped","Not reviewed","Official statistics and media provided by the Professional Women's Hockey League and HockeyTech.",""
"TOR","Clair DeGeorge","F","7287","1984","6322","1","116","Clair DeGeorge","F","41","1999-06-07","L","5-11","Anchorage, AK","https://assets.leaguestat.com/pwhl/240x240/116.jpg","https://lscluster.hockeytech.com/feed/index.php?feed=modulekit&view=player&category=media&player_id=116&key=446521baf8c38984&client_code=pwhl","https://lscluster.hockeytech.com/feed/index.php?feed=modulekit&view=player&category=profile&player_id=116&key=446521baf8c38984&client_code=pwhl","https://lscluster.hockeytech.com/feed/index.php?feed=modulekit&view=player&category=seasonstats&player_id=116&key=446521baf8c38984&client_code=pwhl","league-roster-normalized-name","Source mapped","Not reviewed","Official statistics and media provided by the Professional Women's Hockey League and HockeyTech.",""
"TOR","Claire Dalton","F","7241","1972","6277","1","26","Claire Dalton","F","42","2000-03-20","R","5-9""","Toronto, ON","https://assets.leaguestat.com/pwhl/240x240/26.jpg","https://lscluster.hockeytech.com/feed/index.php?feed=modulekit&view=player&category=media&player_id=26&key=446521baf8c38984&client_code=pwhl","https://lscluster.hockeytech.com/feed/index.php?feed=modulekit&view=player&category=profile&player_id=26&key=446521baf8c38984&client_code=pwhl","https://lscluster.hockeytech.com/feed/index.php?feed=modulekit&view=player&category=seasonstats&player_id=26&key=446521baf8c38984&client_code=pwhl","league-roster-normalized-name","Source mapped","Not reviewed","Official statistics and media provided by the Professional Women's Hockey League and HockeyTech.",""
"TOR","Clara Van Wieren","F","9806","2866","9017","1","316","Clara Van Wieren","F","25","2002-01-25","L","","Okemos, MI","https://assets.leaguestat.com/pwhl/240x240/316.jpg","https://lscluster.hockeytech.com/feed/index.php?feed=modulekit&view=player&category=media&player_id=316&key=446521baf8c38984&client_code=pwhl","https://lscluster.hockeytech.com/feed/index.php?feed=modulekit&view=player&category=profile&player_id=316&key=446521baf8c38984&client_code=pwhl","https://lscluster.hockeytech.com/feed/index.php?feed=modulekit&view=player&category=seasonstats&player_id=316&key=446521baf8c38984&client_code=pwhl","league-roster-normalized-name","Source mapped","Not reviewed","Official statistics and media provided by the Professional Women's Hockey League and HockeyTech.",""
"TOR","Daryl Watts","F","10973","3499","10187","1","63","Daryl Watts","F","9","1999-05-15","L","5-6""","Toronto, ON","https://assets.leaguestat.com/pwhl/240x240/63.jpg","https://lscluster.hockeytech.com/feed/index.php?feed=modulekit&view=player&category=media&player_id=63&key=446521baf8c38984&client_code=pwhl","https://lscluster.hockeytech.com/feed/index.php?feed=modulekit&view=player&category=profile&player_id=63&key=446521baf8c38984&client_code=pwhl","https://lscluster.hockeytech.com/feed/index.php?feed=modulekit&view=player&category=seasonstats&player_id=63&key=446521baf8c38984&client_code=pwhl","league-roster-normalized-name","Source mapped","Not reviewed","Official statistics and media provided by the Professional Women's Hockey League and HockeyTech.",""
"TOR","Elaine Chuli","G","7786","2143","6813","1","85","Elaine Chuli","G","29","1994-05-16","L","5-7","Waterford, ON","https://assets.leaguestat.com/pwhl/240x240/85.jpg","https://lscluster.hockeytech.com/feed/index.php?feed=modulekit&view=player&category=media&player_id=85&key=446521baf8c38984&client_code=pwhl","https://lscluster.hockeytech.com/feed/index.php?feed=modulekit&view=player&category=profile&player_id=85&key=446521baf8c38984&client_code=pwhl","https://lscluster.hockeytech.com/feed/index.php?feed=modulekit&view=player&category=seasonstats&player_id=85&key=446521baf8c38984&client_code=pwhl","league-roster-normalized-name","Source mapped","Not reviewed","Official statistics and media provided by the Professional Women's Hockey League and HockeyTech.",""
"TOR","Ella Shelton","D","5981","1481","5624","1","44","Ella Shelton","D","17","1998-01-19","L","5-8""","Ingersoll, ON","https://assets.leaguestat.com/pwhl/240x240/44.jpg","https://lscluster.hockeytech.com/feed/index.php?feed=modulekit&view=player&category=media&player_id=44&key=446521baf8c38984&client_code=pwhl","https://lscluster.hockeytech.com/feed/index.php?feed=modulekit&view=player&category=profile&player_id=44&key=446521baf8c38984&client_code=pwhl","https://lscluster.hockeytech.com/feed/index.php?feed=modulekit&view=player&category=seasonstats&player_id=44&key=446521baf8c38984&client_code=pwhl","league-roster-normalized-name","Source mapped","Not reviewed","Official statistics and media provided by the Professional Women's Hockey League and HockeyTech.",""
"TOR","Emma Gentry","F","8726","2386","7600","1","244","Emma Gentry","F","20","2002-10-23","L","5-11","Alpena, MI","https://assets.leaguestat.com/pwhl/240x240/244.jpg","https://lscluster.hockeytech.com/feed/index.php?feed=modulekit&view=player&category=media&player_id=244&key=446521baf8c38984&client_code=pwhl","https://lscluster.hockeytech.com/feed/index.php?feed=modulekit&view=player&category=profile&player_id=244&key=446521baf8c38984&client_code=pwhl","https://lscluster.hockeytech.com/feed/index.php?feed=modulekit&view=player&category=seasonstats&player_id=244&key=446521baf8c38984&client_code=pwhl","league-roster-normalized-name","Source mapped","Not reviewed","Official statistics and media provided by the Professional Women's Hockey League and HockeyTech.",""
"TOR","Emma Maltais","F","9281","2604","8492","1","73","Emma Maltais","F","27","1999-11-04","L","5-3""","Burlington, ON","https://assets.leaguestat.com/pwhl/240x240/73.jpg","https://lscluster.hockeytech.com/feed/index.php?feed=modulekit&view=player&category=media&player_id=73&key=446521baf8c38984&client_code=pwhl","https://lscluster.hockeytech.com/feed/index.php?feed=modulekit&view=player&category=profile&player_id=73&key=446521baf8c38984&client_code=pwhl","https://lscluster.hockeytech.com/feed/index.php?feed=modulekit&view=player&category=seasonstats&player_id=73&key=446521baf8c38984&client_code=pwhl","league-roster-normalized-name","Source mapped","Not reviewed","Official statistics and media provided by the Professional Women's Hockey League and HockeyTech.",""
"TOR","Emma Woods","F","13226","5195","12525","0","86","Emma Woods","F","67","1995-12-18","R","5-7""","Burford, ON","https://assets.leaguestat.com/pwhl/240x240/86.jpg","https://lscluster.hockeytech.com/feed/index.php?feed=modulekit&view=player&category=media&player_id=86&key=446521baf8c38984&client_code=pwhl","https://lscluster.hockeytech.com/feed/index.php?feed=modulekit&view=player&category=profile&player_id=86&key=446521baf8c38984&client_code=pwhl","https://lscluster.hockeytech.com/feed/index.php?feed=modulekit&view=player&category=seasonstats&player_id=86&key=446521baf8c38984&client_code=pwhl","league-roster-normalized-name","Source mapped","Not reviewed","Official statistics and media provided by the Professional Women's Hockey League and HockeyTech.",""
"TOR","Jess Kondas","D","8871","2433","7746","1","132","Jessica Kondas","D","2","2000-01-03","R","5-9""","Calgary, AB","https://assets.leaguestat.com/pwhl/240x240/132.jpg","https://lscluster.hockeytech.com/feed/index.php?feed=modulekit&view=player&category=media&player_id=132&key=446521baf8c38984&client_code=pwhl","https://lscluster.hockeytech.com/feed/index.php?feed=modulekit&view=player&category=profile&player_id=132&key=446521baf8c38984&client_code=pwhl","https://lscluster.hockeytech.com/feed/index.php?feed=modulekit&view=player&category=seasonstats&player_id=132&key=446521baf8c38984&client_code=pwhl","curated-alias","Source mapped","Not reviewed","Official statistics and media provided by the Professional Women's Hockey League and HockeyTech.",""
"TOR","Jesse Compher","F","4275","1065","2167","1","65","Jesse Compher","F","18","1999-07-01","R","5-8""","Northbrook, IL","https://assets.leaguestat.com/pwhl/240x240/65.jpg","https://lscluster.hockeytech.com/feed/index.php?feed=modulekit&view=player&category=media&player_id=65&key=446521baf8c38984&client_code=pwhl","https://lscluster.hockeytech.com/feed/index.php?feed=modulekit&view=player&category=profile&player_id=65&key=446521baf8c38984&client_code=pwhl","https://lscluster.hockeytech.com/feed/index.php?feed=modulekit&view=player&category=seasonstats&player_id=65&key=446521baf8c38984&client_code=pwhl","league-roster-normalized-name","Source mapped","Not reviewed","Official statistics and media provided by the Professional Women's Hockey League and HockeyTech.",""
"TOR","Jessie McPherson","G","8869","2431","7744","1","314","Jessie McPherson","G","91","2002-12-20","L","","Chatham, ON","https://assets.leaguestat.com/pwhl/240x240/314.jpg","https://lscluster.hockeytech.com/feed/index.php?feed=modulekit&view=player&category=media&player_id=314&key=446521baf8c38984&client_code=pwhl","https://lscluster.hockeytech.com/feed/index.php?feed=modulekit&view=player&category=profile&player_id=314&key=446521baf8c38984&client_code=pwhl","https://lscluster.hockeytech.com/feed/index.php?feed=modulekit&view=player&category=seasonstats&player_id=314&key=446521baf8c38984&client_code=pwhl","league-roster-normalized-name","Source mapped","Not reviewed","Official statistics and media provided by the Professional Women's Hockey League and HockeyTech.",""
"TOR","Kali Flanagan","D","6562","1731","924","1","68","Kali Flanagan","D","6","1995-09-19","R","5-4""","Burlington, MA","https://assets.leaguestat.com/pwhl/240x240/68.jpg","https://lscluster.hockeytech.com/feed/index.php?feed=modulekit&view=player&category=media&player_id=68&key=446521baf8c38984&client_code=pwhl","https://lscluster.hockeytech.com/feed/index.php?feed=modulekit&view=player&category=profile&player_id=68&key=446521baf8c38984&client_code=pwhl","https://lscluster.hockeytech.com/feed/index.php?feed=modulekit&view=player&category=seasonstats&player_id=68&key=446521baf8c38984&client_code=pwhl","league-roster-normalized-name","Source mapped","Not reviewed","Official statistics and media provided by the Professional Women's Hockey League and HockeyTech.",""
"TOR","Kiara Zanon","F","8445","2282","7319","1","317","Kiara Zanon","F","11","2002-08-22","L","","Fairport, NY","https://assets.leaguestat.com/pwhl/240x240/317.jpg","https://lscluster.hockeytech.com/feed/index.php?feed=modulekit&view=player&category=media&player_id=317&key=446521baf8c38984&client_code=pwhl","https://lscluster.hockeytech.com/feed/index.php?feed=modulekit&view=player&category=profile&player_id=317&key=446521baf8c38984&client_code=pwhl","https://lscluster.hockeytech.com/feed/index.php?feed=modulekit&view=player&category=seasonstats&player_id=317&key=446521baf8c38984&client_code=pwhl","league-roster-normalized-name","Source mapped","Not reviewed","Official statistics and media provided by the Professional Women's Hockey League and HockeyTech.",""
"TOR","Maggie Connors","F","6818","1840","5800","1","66","Maggie Connors","F","22","2000-10-22","L","5-6""","St. John's, NL","https://assets.leaguestat.com/pwhl/240x240/66.jpg","https://lscluster.hockeytech.com/feed/index.php?feed=modulekit&view=player&category=media&player_id=66&key=446521baf8c38984&client_code=pwhl","https://lscluster.hockeytech.com/feed/index.php?feed=modulekit&view=player&category=profile&player_id=66&key=446521baf8c38984&client_code=pwhl","https://lscluster.hockeytech.com/feed/index.php?feed=modulekit&view=player&category=seasonstats&player_id=66&key=446521baf8c38984&client_code=pwhl","league-roster-normalized-name","Source mapped","Not reviewed","Official statistics and media provided by the Professional Women's Hockey League and HockeyTech.",""
"TOR","Natalie Spooner","F","9424","2656","8635","1","100","Natalie Spooner","F","24","1990-10-17","R","5-10","Scarborough, ON","https://assets.leaguestat.com/pwhl/240x240/100.jpg","https://lscluster.hockeytech.com/feed/index.php?feed=modulekit&view=player&category=media&player_id=100&key=446521baf8c38984&client_code=pwhl","https://lscluster.hockeytech.com/feed/index.php?feed=modulekit&view=player&category=profile&player_id=100&key=446521baf8c38984&client_code=pwhl","https://lscluster.hockeytech.com/feed/index.php?feed=modulekit&view=player&category=seasonstats&player_id=100&key=446521baf8c38984&client_code=pwhl","league-roster-normalized-name","Source mapped","Not reviewed","Official statistics and media provided by the Professional Women's Hockey League and HockeyTech.",""
"TOR","Raygan Kirk","G","9981","2960","9192","1","211","Raygan Kirk","G","1","2001-03-11","","5-8","Ste. Anne, MB","https://assets.leaguestat.com/pwhl/240x240/211.jpg","https://lscluster.hockeytech.com/feed/index.php?feed=modulekit&view=player&category=media&player_id=211&key=446521baf8c38984&client_code=pwhl","https://lscluster.hockeytech.com/feed/index.php?feed=modulekit&view=player&category=profile&player_id=211&key=446521baf8c38984&client_code=pwhl","https://lscluster.hockeytech.com/feed/index.php?feed=modulekit&view=player&category=seasonstats&player_id=211&key=446521baf8c38984&client_code=pwhl","league-roster-normalized-name","Source mapped","Not reviewed","Official statistics and media provided by the Professional Women's Hockey League and HockeyTech.",""
"TOR","Renata Fast","D","6492","1696","698","1","67","Renata Fast","D","14","1994-10-06","R","5-7""","Burlington, ON","https://assets.leaguestat.com/pwhl/240x240/67.jpg","https://lscluster.hockeytech.com/feed/index.php?feed=modulekit&view=player&category=media&player_id=67&key=446521baf8c38984&client_code=pwhl","https://lscluster.hockeytech.com/feed/index.php?feed=modulekit&view=player&category=profile&player_id=67&key=446521baf8c38984&client_code=pwhl","https://lscluster.hockeytech.com/feed/index.php?feed=modulekit&view=player&category=seasonstats&player_id=67&key=446521baf8c38984&client_code=pwhl","league-roster-normalized-name","Source mapped","Not reviewed","Official statistics and media provided by the Professional Women's Hockey League and HockeyTech.",""
"TOR","Sara Hjalmarsson","F","8974","2489","7850","1","313","Sara Hjalmarsson","F","19","1998-02-08","L","","Bankeryd, SWE","https://assets.leaguestat.com/pwhl/240x240/313.jpg","https://lscluster.hockeytech.com/feed/index.php?feed=modulekit&view=player&category=media&player_id=313&key=446521baf8c38984&client_code=pwhl","https://lscluster.hockeytech.com/feed/index.php?feed=modulekit&view=player&category=profile&player_id=313&key=446521baf8c38984&client_code=pwhl","https://lscluster.hockeytech.com/feed/index.php?feed=modulekit&view=player&category=seasonstats&player_id=313&key=446521baf8c38984&client_code=pwhl","league-roster-normalized-name","Source mapped","Not reviewed","Official statistics and media provided by the Professional Women's Hockey League and HockeyTech.",""
"TOR","Savannah Harmon","D","7415","2027","6449","1","56","Savannah Harmon","D","15","1995-10-27","L","5-3""","Downers Grove, IL","https://assets.leaguestat.com/pwhl/240x240/56.jpg","https://lscluster.hockeytech.com/feed/index.php?feed=modulekit&view=player&category=media&player_id=56&key=446521baf8c38984&client_code=pwhl","https://lscluster.hockeytech.com/feed/index.php?feed=modulekit&view=player&category=profile&player_id=56&key=446521baf8c38984&client_code=pwhl","https://lscluster.hockeytech.com/feed/index.php?feed=modulekit&view=player&category=seasonstats&player_id=56&key=446521baf8c38984&client_code=pwhl","league-roster-normalized-name","Source mapped","Not reviewed","Official statistics and media provided by the Professional Women's Hockey League and HockeyTech.",""
"VAN","Abby Boreen","F","3736","935","1811","1","114","Abby Boreen","F","22","2000-04-03","R","5-8","Somerset, WI","https://assets.leaguestat.com/pwhl/240x240/114.jpg","https://lscluster.hockeytech.com/feed/index.php?feed=modulekit&view=player&category=media&player_id=114&key=446521baf8c38984&client_code=pwhl","https://lscluster.hockeytech.com/feed/index.php?feed=modulekit&view=player&category=profile&player_id=114&key=446521baf8c38984&client_code=pwhl","https://lscluster.hockeytech.com/feed/index.php?feed=modulekit&view=player&category=seasonstats&player_id=114&key=446521baf8c38984&client_code=pwhl","league-roster-normalized-name","Source mapped","Not reviewed","Official statistics and media provided by the Professional Women's Hockey League and HockeyTech.",""
"VAN","Anna Segedi","F","13028","5028","12325","0","248","Anna Segedi","F","51","2000-12-20","L","5-5","Commerce Township, MI","https://assets.leaguestat.com/pwhl/240x240/248.jpg","https://lscluster.hockeytech.com/feed/index.php?feed=modulekit&view=player&category=media&player_id=248&key=446521baf8c38984&client_code=pwhl","https://lscluster.hockeytech.com/feed/index.php?feed=modulekit&view=player&category=profile&player_id=248&key=446521baf8c38984&client_code=pwhl","https://lscluster.hockeytech.com/feed/index.php?feed=modulekit&view=player&category=seasonstats&player_id=248&key=446521baf8c38984&client_code=pwhl","league-roster-normalized-name","Source mapped","Not reviewed","Official statistics and media provided by the Professional Women's Hockey League and HockeyTech.",""
"VAN","Ashton Bell","D","8651","2364","7525","1","50","Ashton Bell","D","21","1999-12-07","R","5-9""","Deloraine, MB","https://assets.leaguestat.com/pwhl/240x240/50.jpg","https://lscluster.hockeytech.com/feed/index.php?feed=modulekit&view=player&category=media&player_id=50&key=446521baf8c38984&client_code=pwhl","https://lscluster.hockeytech.com/feed/index.php?feed=modulekit&view=player&category=profile&player_id=50&key=446521baf8c38984&client_code=pwhl","https://lscluster.hockeytech.com/feed/index.php?feed=modulekit&view=player&category=seasonstats&player_id=50&key=446521baf8c38984&client_code=pwhl","league-roster-normalized-name","Source mapped","Not reviewed","Official statistics and media provided by the Professional Women's Hockey League and HockeyTech.",""
"VAN","Brooke McQuigge","F","9795","2859","9006","1","192","Brooke McQuigge","F","27","2000-06-09","L","5-8""","Bowmanville, ON","https://assets.leaguestat.com/pwhl/240x240/192.jpg","https://lscluster.hockeytech.com/feed/index.php?feed=modulekit&view=player&category=media&player_id=192&key=446521baf8c38984&client_code=pwhl","https://lscluster.hockeytech.com/feed/index.php?feed=modulekit&view=player&category=profile&player_id=192&key=446521baf8c38984&client_code=pwhl","https://lscluster.hockeytech.com/feed/index.php?feed=modulekit&view=player&category=seasonstats&player_id=192&key=446521baf8c38984&client_code=pwhl","league-roster-normalized-name","Source mapped","Not reviewed","Official statistics and media provided by the Professional Women's Hockey League and HockeyTech.",""
"VAN","Claire Thompson","D","3297","775","1230","1","169","Claire Thompson","D","42","1998-01-28","L","5-8","Toronto, ON","https://assets.leaguestat.com/pwhl/240x240/169.jpg","https://lscluster.hockeytech.com/feed/index.php?feed=modulekit&view=player&category=media&player_id=169&key=446521baf8c38984&client_code=pwhl","https://lscluster.hockeytech.com/feed/index.php?feed=modulekit&view=player&category=profile&player_id=169&key=446521baf8c38984&client_code=pwhl","https://lscluster.hockeytech.com/feed/index.php?feed=modulekit&view=player&category=seasonstats&player_id=169&key=446521baf8c38984&client_code=pwhl","league-roster-normalized-name","Source mapped","Not reviewed","Official statistics and media provided by the Professional Women's Hockey League and HockeyTech.",""
"VAN","Darcie Lappan","F","9245","2583","8456","1","306","Darcie Lappan","F","72","2001-09-15","L","5-7","Kingston, ON","https://assets.leaguestat.com/pwhl/240x240/306.jpg","https://lscluster.hockeytech.com/feed/index.php?feed=modulekit&view=player&category=media&player_id=306&key=446521baf8c38984&client_code=pwhl","https://lscluster.hockeytech.com/feed/index.php?feed=modulekit&view=player&category=profile&player_id=306&key=446521baf8c38984&client_code=pwhl","https://lscluster.hockeytech.com/feed/index.php?feed=modulekit&view=player&category=seasonstats&player_id=306&key=446521baf8c38984&client_code=pwhl","league-roster-normalized-name","Source mapped","Not reviewed","Official statistics and media provided by the Professional Women's Hockey League and HockeyTech.",""
"VAN","Emerance Maschmeyer","G","7762","2136","6789","1","59","Emerance Maschmeyer","G","38","1994-10-05","L","5-6","Bruderheim, AB","https://assets.leaguestat.com/pwhl/240x240/59.jpg","https://lscluster.hockeytech.com/feed/index.php?feed=modulekit&view=player&category=media&player_id=59&key=446521baf8c38984&client_code=pwhl","https://lscluster.hockeytech.com/feed/index.php?feed=modulekit&view=player&category=profile&player_id=59&key=446521baf8c38984&client_code=pwhl","https://lscluster.hockeytech.com/feed/index.php?feed=modulekit&view=player&category=seasonstats&player_id=59&key=446521baf8c38984&client_code=pwhl","league-roster-normalized-name","Source mapped","Not reviewed","Official statistics and media provided by the Professional Women's Hockey League and HockeyTech.",""
"VAN","Emma Greco","D","11350","3702","10579","1","118","Emma Greco","D","25","1995-03-06","L","5-9","Burlington, ON","https://assets.leaguestat.com/pwhl/240x240/118.jpg","https://lscluster.hockeytech.com/feed/index.php?feed=modulekit&view=player&category=media&player_id=118&key=446521baf8c38984&client_code=pwhl","https://lscluster.hockeytech.com/feed/index.php?feed=modulekit&view=player&category=profile&player_id=118&key=446521baf8c38984&client_code=pwhl","https://lscluster.hockeytech.com/feed/index.php?feed=modulekit&view=player&category=seasonstats&player_id=118&key=446521baf8c38984&client_code=pwhl","league-roster-normalized-name","Source mapped","Not reviewed","Official statistics and media provided by the Professional Women's Hockey League and HockeyTech.",""
"VAN","Gabby Rosenthal","F","13026","5026","12323","0","227","Gabby Rosenthal","F","15","1999-09-13","R","5-7","Blaine, MN","https://assets.leaguestat.com/pwhl/240x240/227.jpg","https://lscluster.hockeytech.com/feed/index.php?feed=modulekit&view=player&category=media&player_id=227&key=446521baf8c38984&client_code=pwhl","https://lscluster.hockeytech.com/feed/index.php?feed=modulekit&view=player&category=profile&player_id=227&key=446521baf8c38984&client_code=pwhl","https://lscluster.hockeytech.com/feed/index.php?feed=modulekit&view=player&category=seasonstats&player_id=227&key=446521baf8c38984&client_code=pwhl","league-roster-normalized-name","Source mapped","Not reviewed","Official statistics and media provided by the Professional Women's Hockey League and HockeyTech.",""
"VAN","Hannah Miller","F","9801","2864","9012","1","89","Hannah Miller","F","34","1996-02-16","L","5-9""","North Vancouver, BC ","https://assets.leaguestat.com/pwhl/240x240/89.jpg","https://lscluster.hockeytech.com/feed/index.php?feed=modulekit&view=player&category=media&player_id=89&key=446521baf8c38984&client_code=pwhl","https://lscluster.hockeytech.com/feed/index.php?feed=modulekit&view=player&category=profile&player_id=89&key=446521baf8c38984&client_code=pwhl","https://lscluster.hockeytech.com/feed/index.php?feed=modulekit&view=player&category=seasonstats&player_id=89&key=446521baf8c38984&client_code=pwhl","league-roster-normalized-name","Source mapped","Not reviewed","Official statistics and media provided by the Professional Women's Hockey League and HockeyTech.",""
"VAN","Izzy Daniel","F","7381","2014","6416","1","209","Izzy Daniel","F","8","2000-09-29","R","5-5""","Minneapolis, MN","https://assets.leaguestat.com/pwhl/240x240/209.jpg","https://lscluster.hockeytech.com/feed/index.php?feed=modulekit&view=player&category=media&player_id=209&key=446521baf8c38984&client_code=pwhl","https://lscluster.hockeytech.com/feed/index.php?feed=modulekit&view=player&category=profile&player_id=209&key=446521baf8c38984&client_code=pwhl","https://lscluster.hockeytech.com/feed/index.php?feed=modulekit&view=player&category=seasonstats&player_id=209&key=446521baf8c38984&client_code=pwhl","league-roster-normalized-name","Source mapped","Not reviewed","Official statistics and media provided by the Professional Women's Hockey League and HockeyTech.",""
"VAN","Jenn Gardiner","F","8918","2460","7794","1","198","Jenn Gardiner","F","12","2001-09-18","L","5-6","Surrey, BC","https://assets.leaguestat.com/pwhl/240x240/198.jpg","https://lscluster.hockeytech.com/feed/index.php?feed=modulekit&view=player&category=media&player_id=198&key=446521baf8c38984&client_code=pwhl","https://lscluster.hockeytech.com/feed/index.php?feed=modulekit&view=player&category=profile&player_id=198&key=446521baf8c38984&client_code=pwhl","https://lscluster.hockeytech.com/feed/index.php?feed=modulekit&view=player&category=seasonstats&player_id=198&key=446521baf8c38984&client_code=pwhl","league-roster-normalized-name","Source mapped","Not reviewed","Official statistics and media provided by the Professional Women's Hockey League and HockeyTech.",""
"VAN","Katie Chan","F","7077","1923","6113","1","301","Katie Chan","F","9","2003-01-05","L","5-2","Richmond, BC","https://assets.leaguestat.com/pwhl/240x240/301.jpg","https://lscluster.hockeytech.com/feed/index.php?feed=modulekit&view=player&category=media&player_id=301&key=446521baf8c38984&client_code=pwhl","https://lscluster.hockeytech.com/feed/index.php?feed=modulekit&view=player&category=profile&player_id=301&key=446521baf8c38984&client_code=pwhl","https://lscluster.hockeytech.com/feed/index.php?feed=modulekit&view=player&category=seasonstats&player_id=301&key=446521baf8c38984&client_code=pwhl","league-roster-normalized-name","Source mapped","Not reviewed","Official statistics and media provided by the Professional Women's Hockey League and HockeyTech.",""
"VAN","Kimberly Newell","G","7927","2173","6954","1","309","Kimberly Newell","G","35","1995-10-04","L","5-9","Burnaby, BC","https://assets.leaguestat.com/pwhl/240x240/309.jpg","https://lscluster.hockeytech.com/feed/index.php?feed=modulekit&view=player&category=media&player_id=309&key=446521baf8c38984&client_code=pwhl","https://lscluster.hockeytech.com/feed/index.php?feed=modulekit&view=player&category=profile&player_id=309&key=446521baf8c38984&client_code=pwhl","https://lscluster.hockeytech.com/feed/index.php?feed=modulekit&view=player&category=seasonstats&player_id=309&key=446521baf8c38984&client_code=pwhl","league-roster-normalized-name","Source mapped","Not reviewed","Official statistics and media provided by the Professional Women's Hockey League and HockeyTech.",""
"VAN","Kristen Campbell","G","9693","2800","8904","1","64","Kristen Campbell","G","50","1997-11-30","L","5-10""","Brandon, MB","https://assets.leaguestat.com/pwhl/240x240/64.jpg","https://lscluster.hockeytech.com/feed/index.php?feed=modulekit&view=player&category=media&player_id=64&key=446521baf8c38984&client_code=pwhl","https://lscluster.hockeytech.com/feed/index.php?feed=modulekit&view=player&category=profile&player_id=64&key=446521baf8c38984&client_code=pwhl","https://lscluster.hockeytech.com/feed/index.php?feed=modulekit&view=player&category=seasonstats&player_id=64&key=446521baf8c38984&client_code=pwhl","league-roster-normalized-name","Source mapped","Not reviewed","Official statistics and media provided by the Professional Women's Hockey League and HockeyTech.",""
"VAN","Madison Samoskevich","D","13027","5027","12324","0","310","Madison Samoskevich","LD","7","2002-11-15","L","5-5","Sandy Hook, CT","https://assets.leaguestat.com/pwhl/240x240/310.jpg","https://lscluster.hockeytech.com/feed/index.php?feed=modulekit&view=player&category=media&player_id=310&key=446521baf8c38984&client_code=pwhl","https://lscluster.hockeytech.com/feed/index.php?feed=modulekit&view=player&category=profile&player_id=310&key=446521baf8c38984&client_code=pwhl","https://lscluster.hockeytech.com/feed/index.php?feed=modulekit&view=player&category=seasonstats&player_id=310&key=446521baf8c38984&client_code=pwhl","league-roster-normalized-name","Source mapped","Not reviewed","Official statistics and media provided by the Professional Women's Hockey League and HockeyTech.",""
"VAN","Mellissa Channell-Watkins","D","8989","2495","7865","1","129","Mellissa Channell-Watkins","D","23","1994-12-16","L","5-4","Plymouth, MI","https://assets.leaguestat.com/pwhl/240x240/129.jpg","https://lscluster.hockeytech.com/feed/index.php?feed=modulekit&view=player&category=media&player_id=129&key=446521baf8c38984&client_code=pwhl","https://lscluster.hockeytech.com/feed/index.php?feed=modulekit&view=player&category=profile&player_id=129&key=446521baf8c38984&client_code=pwhl","https://lscluster.hockeytech.com/feed/index.php?feed=modulekit&view=player&category=seasonstats&player_id=129&key=446521baf8c38984&client_code=pwhl","league-roster-normalized-name","Source mapped","Not reviewed","Official statistics and media provided by the Professional Women's Hockey League and HockeyTech.",""
"VAN","Michela Cava","F","3972","1009","2045","1","115","Michela Cava","F","86","1994-03-26","R","5-4","Thunder Bay, ON","https://assets.leaguestat.com/pwhl/240x240/115.jpg","https://lscluster.hockeytech.com/feed/index.php?feed=modulekit&view=player&category=media&player_id=115&key=446521baf8c38984&client_code=pwhl","https://lscluster.hockeytech.com/feed/index.php?feed=modulekit&view=player&category=profile&player_id=115&key=446521baf8c38984&client_code=pwhl","https://lscluster.hockeytech.com/feed/index.php?feed=modulekit&view=player&category=seasonstats&player_id=115&key=446521baf8c38984&client_code=pwhl","league-roster-normalized-name","Source mapped","Not reviewed","Official statistics and media provided by the Professional Women's Hockey League and HockeyTech.",""
"VAN","Michelle Karvinen","F","8997","2498","7873","1","252","Michelle Karvinen","F","33","1990-03-27","L","5-6","Rødovre, DEN","https://assets.leaguestat.com/pwhl/240x240/252.jpg","https://lscluster.hockeytech.com/feed/index.php?feed=modulekit&view=player&category=media&player_id=252&key=446521baf8c38984&client_code=pwhl","https://lscluster.hockeytech.com/feed/index.php?feed=modulekit&view=player&category=profile&player_id=252&key=446521baf8c38984&client_code=pwhl","https://lscluster.hockeytech.com/feed/index.php?feed=modulekit&view=player&category=seasonstats&player_id=252&key=446521baf8c38984&client_code=pwhl","league-roster-normalized-name","Source mapped","Not reviewed","Official statistics and media provided by the Professional Women's Hockey League and HockeyTech.",""
"VAN","Sarah Nurse","F","10952","3482","10164","1","75","Sarah Nurse","F","20","1995-01-04","L","5-7","Hamilton, ON","https://assets.leaguestat.com/pwhl/240x240/75.jpg","https://lscluster.hockeytech.com/feed/index.php?feed=modulekit&view=player&category=media&player_id=75&key=446521baf8c38984&client_code=pwhl","https://lscluster.hockeytech.com/feed/index.php?feed=modulekit&view=player&category=profile&player_id=75&key=446521baf8c38984&client_code=pwhl","https://lscluster.hockeytech.com/feed/index.php?feed=modulekit&view=player&category=seasonstats&player_id=75&key=446521baf8c38984&client_code=pwhl","league-roster-normalized-name","Source mapped","Not reviewed","Official statistics and media provided by the Professional Women's Hockey League and HockeyTech.",""
"VAN","Sophie Jaques","D","11408","3752","10642","1","11","Sophie Jaques","D","16","2000-10-16","R","5-8","Toronto, ON","https://assets.leaguestat.com/pwhl/240x240/11.jpg","https://lscluster.hockeytech.com/feed/index.php?feed=modulekit&view=player&category=media&player_id=11&key=446521baf8c38984&client_code=pwhl","https://lscluster.hockeytech.com/feed/index.php?feed=modulekit&view=player&category=profile&player_id=11&key=446521baf8c38984&client_code=pwhl","https://lscluster.hockeytech.com/feed/index.php?feed=modulekit&view=player&category=seasonstats&player_id=11&key=446521baf8c38984&client_code=pwhl","league-roster-normalized-name","Source mapped","Not reviewed","Official statistics and media provided by the Professional Women's Hockey League and HockeyTech.",""
"VAN","Sydney Bard","D","85","52","1375","1","180","Sydney Bard","D","11","2001-01-15","R","5-3","New Hartford, NY","https://assets.leaguestat.com/pwhl/240x240/180.jpg","https://lscluster.hockeytech.com/feed/index.php?feed=modulekit&view=player&category=media&player_id=180&key=446521baf8c38984&client_code=pwhl","https://lscluster.hockeytech.com/feed/index.php?feed=modulekit&view=player&category=profile&player_id=180&key=446521baf8c38984&client_code=pwhl","https://lscluster.hockeytech.com/feed/index.php?feed=modulekit&view=player&category=seasonstats&player_id=180&key=446521baf8c38984&client_code=pwhl","league-roster-normalized-name","Source mapped","Not reviewed","Official statistics and media provided by the Professional Women's Hockey League and HockeyTech.",""
"VAN","Tereza Vanišová","F","9258","2589","8469","1","161","Tereza Vanišová","F","13","1996-01-30","L","5-7","Strakonice, CZE","https://assets.leaguestat.com/pwhl/240x240/161.jpg","https://lscluster.hockeytech.com/feed/index.php?feed=modulekit&view=player&category=media&player_id=161&key=446521baf8c38984&client_code=pwhl","https://lscluster.hockeytech.com/feed/index.php?feed=modulekit&view=player&category=profile&player_id=161&key=446521baf8c38984&client_code=pwhl","https://lscluster.hockeytech.com/feed/index.php?feed=modulekit&view=player&category=seasonstats&player_id=161&key=446521baf8c38984&client_code=pwhl","league-roster-normalized-name","Source mapped","Not reviewed","Official statistics and media provided by the Professional Women's Hockey League and HockeyTech.",""
